order_id,date,region,category,product,quantity,unit_price,discount_pct,revenue,customer_segment,payment_method,shipping_days,shipping_cost,customer_rating
ORD-101556,2024-01-01,Asia Pacific,Home & Kitchen,Microwave,7,37.55,0,262.85,Consumer,Bank Transfer,3,12.44,3.7
ORD-101197,2024-01-01,Asia Pacific,Home & Kitchen,Coffee Maker,9,350.76,10,2841.16,SMB,Google Pay,11,26.99,4.0
ORD-100545,2024-01-01,Latin America,Clothing,T-Shirt,6,51.85,20,248.88,Consumer,Apple Pay,5,43.0,3.3
ORD-101226,2024-01-02,Asia Pacific,Sports & Outdoors,Dumbbells,6,444.93,10,2402.62,Consumer,Credit Card,12,26.41,3.7
ORD-100087,2024-01-02,Europe,Clothing,Hoodie,1,15.17,5,14.41,Consumer,Bank Transfer,6,42.85,3.9
ORD-101383,2024-01-02,Europe,Books,Non-Fiction,7,33.61,0,235.27,Consumer,Credit Card,10,5.37,4.1
ORD-100432,2024-01-02,North America,Electronics,Camera,4,1076.68,0,4306.72,Consumer,Credit Card,8,22.16,3.2
ORD-100102,2024-01-03,Europe,Home & Kitchen,Air Fryer,7,40.88,0,286.16,SMB,Google Pay,9,19.36,3.9
ORD-100373,2024-01-04,North America,Books,Children's Book,8,14.95,5,113.62,Consumer,Google Pay,2,43.88,5.0
ORD-101062,2024-01-04,Europe,Electronics,Tablet,3,935.63,5,2666.55,Consumer,Google Pay,1,40.4,3.5
ORD-101256,2024-01-04,Europe,Books,Non-Fiction,8,30.87,0,246.96,Consumer,Apple Pay,10,30.26,3.7
ORD-101097,2024-01-04,Europe,Home & Kitchen,Blender,1,326.22,10,293.6,SMB,Google Pay,10,39.95,4.1
ORD-101534,2024-01-04,Asia Pacific,Books,Biography,8,9.58,0,76.64,Consumer,Apple Pay,13,5.74,4.3
ORD-100091,2024-01-04,Latin America,Clothing,Dress,9,36.97,15,282.82,Consumer,PayPal,12,32.15,3.7
ORD-100931,2024-01-04,North America,Books,Non-Fiction,8,23.05,0,184.4,SMB,Credit Card,4,15.3,4.5
ORD-101469,2024-01-04,Asia Pacific,Clothing,Jeans,5,109.8,5,521.55,Consumer,Credit Card,5,14.12,3.5
ORD-101371,2024-01-05,Europe,Home & Kitchen,Blender,3,474.34,5,1351.87,Consumer,Google Pay,6,48.31,3.6
ORD-100238,2024-01-05,Europe,Home & Kitchen,Microwave,5,308.95,0,1544.75,Consumer,Credit Card,10,40.23,3.5
ORD-101543,2024-01-06,Middle East,Books,Biography,6,18.9,0,113.4,Consumer,Apple Pay,7,38.19,3.0
ORD-101951,2024-01-06,North America,Books,Non-Fiction,2,22.63,0,45.26,Consumer,Credit Card,3,10.96,3.8
ORD-100760,2024-01-07,North America,Electronics,Camera,8,962.53,5,7315.23,SMB,PayPal,13,38.07,3.8
ORD-101155,2024-01-08,Europe,Clothing,Jacket,5,129.82,20,519.28,Consumer,Google Pay,3,14.45,4.5
ORD-100106,2024-01-08,North America,Clothing,T-Shirt,9,103.09,10,835.03,Consumer,Bank Transfer,5,44.45,4.1
ORD-100281,2024-01-09,North America,Electronics,Camera,4,663.71,0,2654.84,Consumer,Apple Pay,8,38.89,4.4
ORD-101189,2024-01-10,North America,Books,Fiction,9,18.35,20,132.12,Consumer,Apple Pay,11,14.47,4.6
ORD-101471,2024-01-10,Europe,Books,Fiction,6,12.87,5,73.36,Consumer,Apple Pay,5,18.08,4.8
ORD-101561,2024-01-10,Asia Pacific,Books,Cookbook,8,14.16,5,107.62,SMB,Bank Transfer,12,45.08,5.0
ORD-101040,2024-01-10,Europe,Sports & Outdoors,Running Shoes,3,181.37,5,516.9,SMB,PayPal,1,26.28,3.2
ORD-101431,2024-01-11,North America,Electronics,Laptop,5,408.59,10,1838.66,Consumer,Apple Pay,5,11.56,3.0
ORD-101991,2024-01-11,North America,Sports & Outdoors,Bike,3,775.68,20,1861.63,Enterprise,Apple Pay,2,38.7,4.7
ORD-100623,2024-01-11,North America,Electronics,Camera,9,730.19,0,6571.71,Consumer,Google Pay,4,33.72,4.5
ORD-100713,2024-01-11,Europe,Electronics,Smartwatch,7,1142.24,10,7196.11,Consumer,Credit Card,12,6.49,4.7
ORD-100829,2024-01-11,Asia Pacific,Electronics,Laptop,2,878.18,15,1492.91,Enterprise,PayPal,6,34.94,4.9
ORD-101852,2024-01-12,Middle East,Clothing,Dress,2,81.21,15,138.06,Consumer,Credit Card,6,37.08,4.7
ORD-101329,2024-01-12,Europe,Sports & Outdoors,Dumbbells,4,294.1,0,1176.4,SMB,Apple Pay,2,36.14,3.5
ORD-100052,2024-01-13,North America,Home & Kitchen,Coffee Maker,7,490.7,15,2919.66,SMB,Apple Pay,3,36.93,4.6
ORD-100424,2024-01-13,North America,Sports & Outdoors,Running Shoes,6,561.74,5,3201.92,Consumer,PayPal,7,17.49,3.3
ORD-100780,2024-01-13,Asia Pacific,Electronics,Smartphone,1,1849.95,0,1849.95,Enterprise,PayPal,7,28.44,4.4
ORD-101484,2024-01-13,North America,Clothing,Dress,6,84.72,5,482.9,Consumer,PayPal,9,19.61,4.2
ORD-100241,2024-01-14,Middle East,Electronics,Camera,1,783.02,5,743.87,Consumer,Credit Card,2,27.68,4.2
ORD-100608,2024-01-14,North America,Clothing,Hoodie,5,103.82,5,493.14,SMB,PayPal,2,6.02,4.6
ORD-101922,2024-01-14,North America,Home & Kitchen,Blender,9,184.78,20,1330.42,Consumer,Google Pay,1,21.76,3.9
ORD-100097,2024-01-15,Europe,Electronics,Smartphone,8,1773.0,0,14184.0,Consumer,Bank Transfer,6,37.66,4.2
ORD-100676,2024-01-15,Latin America,Electronics,Smartwatch,1,1839.61,0,1839.61,Consumer,Apple Pay,13,32.73,4.4
ORD-100508,2024-01-15,Latin America,Books,Non-Fiction,8,32.85,20,210.24,Consumer,Credit Card,1,8.16,5.0
ORD-101038,2024-01-16,Asia Pacific,Electronics,Tablet,2,465.25,20,744.4,Consumer,Bank Transfer,3,40.88,4.9
ORD-101384,2024-01-16,Asia Pacific,Books,Biography,3,28.87,0,86.61,SMB,Credit Card,12,35.11,3.8
ORD-100517,2024-01-16,Europe,Books,Cookbook,5,24.08,20,96.32,SMB,Apple Pay,3,7.35,5.0
ORD-101769,2024-01-17,Europe,Sports & Outdoors,Yoga Mat,2,507.4,5,964.06,Consumer,Apple Pay,10,9.06,4.1
ORD-100690,2024-01-18,Asia Pacific,Books,Children's Book,3,16.41,0,49.23,Enterprise,PayPal,5,16.73,3.1
ORD-100963,2024-01-19,Europe,Sports & Outdoors,Dumbbells,9,482.62,0,4343.58,Consumer,Apple Pay,5,48.24,4.1
ORD-100339,2024-01-20,Middle East,Home & Kitchen,Coffee Maker,2,89.62,0,179.24,SMB,Apple Pay,8,8.98,5.0
ORD-100048,2024-01-20,North America,Books,Fiction,6,10.44,10,56.38,Consumer,Google Pay,12,13.92,4.1
ORD-100528,2024-01-20,Europe,Clothing,Jeans,8,119.03,5,904.63,SMB,Credit Card,1,22.89,3.3
ORD-100082,2024-01-21,Latin America,Home & Kitchen,Microwave,3,181.57,0,544.71,Consumer,Credit Card,4,40.27,4.3
ORD-100303,2024-01-22,Europe,Home & Kitchen,Coffee Maker,4,121.48,0,485.92,Consumer,PayPal,3,23.11,4.7
ORD-100506,2024-01-22,North America,Clothing,Hoodie,8,49.91,15,339.39,SMB,Google Pay,11,43.41,5.0
ORD-101548,2024-01-22,Asia Pacific,Home & Kitchen,Vacuum Cleaner,2,74.5,10,134.1,Consumer,Credit Card,10,20.95,3.7
ORD-101533,2024-01-22,Latin America,Sports & Outdoors,Tent,3,450.24,0,1350.72,Consumer,Bank Transfer,13,5.1,4.4
ORD-101660,2024-01-23,Asia Pacific,Electronics,Camera,6,1626.37,0,9758.22,Consumer,Bank Transfer,11,41.14,3.7
ORD-100968,2024-01-23,Europe,Sports & Outdoors,Dumbbells,2,140.65,15,239.1,Consumer,Credit Card,2,37.87,4.1
ORD-101459,2024-01-24,North America,Home & Kitchen,Microwave,6,498.96,5,2844.07,SMB,Credit Card,2,37.17,3.3
ORD-100266,2024-01-25,Europe,Clothing,T-Shirt,7,132.36,10,833.87,SMB,Apple Pay,7,6.64,3.7
ORD-100917,2024-01-26,Europe,Sports & Outdoors,Tent,6,567.1,0,3402.6,Consumer,Credit Card,8,48.78,3.8
ORD-100729,2024-01-26,Europe,Clothing,T-Shirt,4,116.25,0,465.0,Consumer,PayPal,3,36.3,4.4
ORD-100046,2024-01-27,North America,Books,Cookbook,1,20.27,15,17.23,Consumer,Google Pay,1,46.33,3.8
ORD-100249,2024-01-27,North America,Home & Kitchen,Coffee Maker,4,207.95,0,831.8,Consumer,PayPal,2,14.1,4.2
ORD-100237,2024-01-27,North America,Home & Kitchen,Blender,7,336.13,0,2352.91,Consumer,PayPal,6,41.46,4.1
ORD-100903,2024-01-27,Europe,Clothing,Jacket,4,45.35,0,181.4,Consumer,Apple Pay,11,30.99,4.6
ORD-100961,2024-01-28,Europe,Electronics,Camera,7,873.01,0,6111.07,SMB,Credit Card,9,10.13,5.0
ORD-100378,2024-01-28,Asia Pacific,Books,Non-Fiction,7,11.75,15,69.91,Consumer,Google Pay,5,24.77,4.2
ORD-100801,2024-01-28,Europe,Home & Kitchen,Air Fryer,6,37.04,20,177.79,SMB,Apple Pay,7,16.59,2.8
ORD-100195,2024-01-29,Latin America,Books,Biography,2,29.14,0,58.28,SMB,PayPal,12,7.27,5.0
ORD-101072,2024-01-29,North America,Electronics,Laptop,7,955.68,0,6689.76,SMB,Bank Transfer,11,19.21,4.4
ORD-101174,2024-01-29,North America,Books,Non-Fiction,7,13.47,5,89.58,Consumer,Credit Card,3,13.15,4.2
ORD-101652,2024-01-29,Europe,Clothing,Sneakers,5,68.32,20,273.28,Consumer,PayPal,8,9.86,5.0
ORD-100337,2024-01-30,North America,Sports & Outdoors,Tent,4,35.8,0,143.2,Consumer,Credit Card,4,28.81,3.7
ORD-100112,2024-01-31,Europe,Sports & Outdoors,Yoga Mat,8,626.34,0,5010.72,Consumer,Bank Transfer,11,10.93,4.2
ORD-100208,2024-01-31,Asia Pacific,Books,Cookbook,8,25.24,5,191.82,Consumer,Bank Transfer,3,12.64,4.6
ORD-100733,2024-01-31,Middle East,Electronics,Smartphone,3,364.11,20,873.86,SMB,PayPal,5,14.21,4.2
ORD-100863,2024-01-31,Europe,Clothing,Hoodie,2,92.68,5,176.09,SMB,PayPal,2,34.52,4.0
ORD-100488,2024-01-31,North America,Electronics,Smartwatch,5,573.27,10,2579.72,SMB,Bank Transfer,3,16.2,4.2
ORD-100711,2024-02-01,Europe,Books,Cookbook,1,29.82,20,23.86,Consumer,PayPal,3,19.96,4.3
ORD-101026,2024-02-01,North America,Books,Biography,6,8.23,15,41.97,SMB,Apple Pay,10,36.23,5.0
ORD-101969,2024-02-01,Europe,Electronics,Camera,1,205.03,0,205.03,Consumer,Bank Transfer,5,38.46,4.2
ORD-100788,2024-02-01,Europe,Books,Non-Fiction,8,27.98,0,223.84,Consumer,Google Pay,1,23.83,3.8
ORD-101234,2024-02-01,Latin America,Clothing,Jacket,8,36.98,0,295.84,Consumer,Bank Transfer,5,31.75,4.7
ORD-101760,2024-02-01,Latin America,Sports & Outdoors,Yoga Mat,6,108.35,20,520.08,Consumer,PayPal,2,41.3,5.0
ORD-100051,2024-02-02,Europe,Electronics,Laptop,5,1108.16,15,4709.68,SMB,Bank Transfer,3,13.69,3.4
ORD-100640,2024-02-02,Europe,Clothing,Dress,7,38.56,20,215.94,Consumer,Google Pay,6,7.86,4.6
ORD-101161,2024-02-02,Latin America,Electronics,Headphones,1,1106.85,0,1106.85,Consumer,Google Pay,11,40.85,4.2
ORD-101580,2024-02-02,North America,Clothing,Jeans,1,82.47,0,82.47,SMB,Bank Transfer,12,38.19,4.6
ORD-100828,2024-02-02,Europe,Electronics,Laptop,4,1742.12,20,5574.78,Consumer,Credit Card,12,17.3,4.3
ORD-100954,2024-02-03,Europe,Home & Kitchen,Air Fryer,4,358.3,0,1433.2,SMB,Apple Pay,1,42.09,4.2
ORD-101056,2024-02-03,Middle East,Clothing,Sneakers,9,127.88,0,1150.92,SMB,Bank Transfer,2,27.0,3.1
ORD-100691,2024-02-04,Middle East,Clothing,T-Shirt,9,128.77,0,1158.93,Consumer,PayPal,7,6.24,3.5
ORD-101720,2024-02-04,North America,Electronics,Camera,9,798.02,0,7182.18,SMB,PayPal,9,28.06,3.3
ORD-100723,2024-02-05,North America,Home & Kitchen,Microwave,1,353.99,5,336.29,Consumer,PayPal,12,32.11,4.0
ORD-100932,2024-02-05,Asia Pacific,Home & Kitchen,Coffee Maker,6,108.81,15,554.93,Consumer,PayPal,2,46.97,3.1
ORD-101009,2024-02-05,Asia Pacific,Home & Kitchen,Air Fryer,3,66.18,15,168.76,SMB,Apple Pay,6,29.14,4.6
ORD-100560,2024-02-06,North America,Books,Non-Fiction,4,8.12,0,32.48,Consumer,Bank Transfer,7,17.4,3.4
ORD-100970,2024-02-06,Middle East,Electronics,Smartwatch,8,1891.38,20,12104.83,Enterprise,Apple Pay,9,20.72,5.0
ORD-100616,2024-02-06,Europe,Clothing,Jacket,2,28.9,10,52.02,Consumer,Google Pay,1,38.83,4.2
ORD-100699,2024-02-07,Asia Pacific,Home & Kitchen,Vacuum Cleaner,1,286.64,0,286.64,Consumer,Google Pay,1,27.39,3.9
ORD-100242,2024-02-07,Middle East,Electronics,Headphones,4,1874.19,15,6372.25,Consumer,Bank Transfer,10,25.17,4.3
ORD-100814,2024-02-07,North America,Books,Fiction,9,23.21,10,188.0,SMB,Credit Card,7,31.85,3.4
ORD-100591,2024-02-08,North America,Home & Kitchen,Vacuum Cleaner,4,123.14,20,394.05,SMB,Google Pay,10,11.78,5.0
ORD-100846,2024-02-08,Asia Pacific,Electronics,Camera,2,1322.05,10,2379.69,SMB,Bank Transfer,8,8.07,3.5
ORD-100708,2024-02-09,Latin America,Clothing,Jeans,2,17.79,20,28.46,Enterprise,Google Pay,10,24.16,4.7
ORD-101395,2024-02-09,Latin America,Clothing,Dress,4,127.2,10,457.92,Consumer,Google Pay,6,9.84,5.0
ORD-101090,2024-02-11,Europe,Electronics,Smartphone,5,384.16,10,1728.72,Consumer,Google Pay,13,43.98,3.6
ORD-100767,2024-02-11,Europe,Clothing,Jeans,9,31.6,10,255.96,SMB,PayPal,12,46.53,3.1
ORD-101689,2024-02-12,Asia Pacific,Books,Cookbook,6,20.02,20,96.1,Consumer,Bank Transfer,9,13.73,4.4
ORD-101129,2024-02-12,Asia Pacific,Electronics,Laptop,2,327.8,10,590.04,Consumer,Apple Pay,10,38.44,3.4
ORD-101456,2024-02-12,Asia Pacific,Books,Non-Fiction,6,18.7,10,100.98,Consumer,Google Pay,13,31.63,4.6
ORD-101377,2024-02-12,Latin America,Sports & Outdoors,Bike,2,566.14,0,1132.28,Consumer,PayPal,13,42.64,2.9
ORD-100597,2024-02-12,Latin America,Electronics,Tablet,9,1611.07,0,14499.63,Consumer,Google Pay,6,20.47,3.9
ORD-101439,2024-02-12,Asia Pacific,Books,Biography,8,8.11,0,64.88,Consumer,Apple Pay,7,14.1,2.9
ORD-101992,2024-02-13,North America,Sports & Outdoors,Bike,9,663.48,0,5971.32,Consumer,PayPal,8,9.92,3.5
ORD-101582,2024-02-13,North America,Clothing,Jacket,6,117.06,0,702.36,Consumer,Google Pay,13,22.74,3.9
ORD-101319,2024-02-14,Asia Pacific,Clothing,Sneakers,9,94.89,5,811.31,SMB,Apple Pay,2,8.54,4.5
ORD-100853,2024-02-14,Latin America,Home & Kitchen,Vacuum Cleaner,7,459.07,0,3213.49,Enterprise,PayPal,1,36.94,4.7
ORD-101322,2024-02-14,North America,Home & Kitchen,Vacuum Cleaner,6,442.85,5,2524.25,Consumer,Bank Transfer,12,35.77,4.2
ORD-101815,2024-02-14,North America,Home & Kitchen,Coffee Maker,3,444.06,0,1332.18,Consumer,Apple Pay,3,34.5,4.1
ORD-101780,2024-02-15,Asia Pacific,Books,Cookbook,1,26.03,0,26.03,Consumer,Bank Transfer,12,45.2,3.3
ORD-101781,2024-02-15,North America,Sports & Outdoors,Dumbbells,1,53.18,5,50.52,Consumer,Credit Card,11,32.02,3.8
ORD-101242,2024-02-15,Europe,Home & Kitchen,Vacuum Cleaner,1,395.03,20,316.02,Consumer,Bank Transfer,4,32.39,4.9
ORD-101353,2024-02-15,North America,Books,Fiction,1,32.26,15,27.42,SMB,Google Pay,11,31.0,5.0
ORD-101340,2024-02-15,Asia Pacific,Sports & Outdoors,Yoga Mat,5,758.77,0,3793.85,Consumer,Apple Pay,5,37.48,3.3
ORD-101416,2024-02-16,North America,Electronics,Laptop,7,1460.55,0,10223.85,Consumer,Apple Pay,9,8.87,4.2
ORD-100187,2024-02-17,North America,Books,Cookbook,1,30.52,10,27.47,Consumer,PayPal,11,46.1,4.1
ORD-101123,2024-02-17,Asia Pacific,Sports & Outdoors,Bike,5,454.23,0,2271.15,Consumer,Credit Card,9,34.45,3.4
ORD-101637,2024-02-17,Europe,Books,Children's Book,8,8.62,20,55.17,Enterprise,Credit Card,11,42.5,4.5
ORD-100661,2024-02-18,North America,Home & Kitchen,Air Fryer,9,114.49,0,1030.41,Consumer,Bank Transfer,9,37.01,4.0
ORD-100883,2024-02-18,North America,Electronics,Tablet,3,500.37,0,1501.11,SMB,Apple Pay,11,12.76,4.0
ORD-100230,2024-02-19,North America,Books,Children's Book,6,19.27,10,104.06,SMB,Bank Transfer,10,43.2,3.5
ORD-100316,2024-02-19,Asia Pacific,Sports & Outdoors,Dumbbells,9,702.38,0,6321.42,Consumer,Credit Card,13,35.99,3.9
ORD-100654,2024-02-20,North America,Electronics,Smartwatch,1,1102.22,0,1102.22,Consumer,Google Pay,8,43.28,4.7
ORD-101308,2024-02-20,North America,Electronics,Smartwatch,3,726.41,0,2179.23,Consumer,Apple Pay,7,7.17,3.7
ORD-100705,2024-02-20,Latin America,Books,Biography,4,31.06,15,105.6,SMB,Google Pay,10,33.17,4.4
ORD-101609,2024-02-20,Europe,Sports & Outdoors,Running Shoes,7,144.0,0,1008.0,Enterprise,Bank Transfer,6,11.85,4.3
ORD-101579,2024-02-20,North America,Clothing,Dress,3,64.96,5,185.14,Consumer,Bank Transfer,2,31.27,4.4
ORD-101958,2024-02-20,Asia Pacific,Home & Kitchen,Air Fryer,5,370.48,10,1667.16,Consumer,Credit Card,10,24.2,3.9
ORD-101682,2024-02-21,North America,Books,Children's Book,1,8.92,15,7.58,Consumer,Credit Card,13,24.24,4.7
ORD-101201,2024-02-21,North America,Clothing,Dress,4,117.95,0,471.8,SMB,Apple Pay,4,12.97,3.4
ORD-101142,2024-02-22,North America,Home & Kitchen,Blender,3,315.37,15,804.19,Consumer,Google Pay,6,8.46,5.0
ORD-101037,2024-02-22,North America,Clothing,T-Shirt,8,91.68,0,733.44,SMB,PayPal,10,36.25,3.6
ORD-101388,2024-02-23,Asia Pacific,Books,Fiction,3,29.18,0,87.54,Consumer,Apple Pay,9,16.1,3.2
ORD-100223,2024-02-23,North America,Sports & Outdoors,Tent,1,36.94,15,31.4,SMB,PayPal,6,8.23,3.6
ORD-101565,2024-02-24,North America,Books,Non-Fiction,4,20.18,5,76.68,Consumer,Bank Transfer,5,6.86,3.4
ORD-101244,2024-02-24,Latin America,Clothing,Hoodie,3,78.79,0,236.37,SMB,Credit Card,5,40.62,3.9
ORD-101205,2024-02-24,North America,Sports & Outdoors,Dumbbells,1,350.99,5,333.44,SMB,Bank Transfer,3,43.33,3.7
ORD-101041,2024-02-25,Europe,Home & Kitchen,Coffee Maker,5,220.92,0,1104.6,Consumer,Credit Card,12,39.83,3.9
ORD-100511,2024-02-26,Middle East,Clothing,T-Shirt,3,135.48,10,365.8,Consumer,Apple Pay,7,15.93,4.9
ORD-100656,2024-02-26,Asia Pacific,Home & Kitchen,Air Fryer,5,318.45,0,1592.25,Consumer,Bank Transfer,12,33.51,3.9
ORD-101122,2024-02-26,Asia Pacific,Electronics,Smartwatch,4,1351.25,0,5405.0,SMB,Bank Transfer,7,33.14,3.9
ORD-100164,2024-02-26,North America,Sports & Outdoors,Running Shoes,6,329.84,15,1682.18,Enterprise,Bank Transfer,11,17.87,4.8
ORD-100152,2024-02-27,Europe,Home & Kitchen,Air Fryer,1,108.05,5,102.65,Consumer,Apple Pay,10,16.58,3.8
ORD-100258,2024-02-27,North America,Books,Non-Fiction,2,33.3,0,66.6,Consumer,Google Pay,5,24.92,3.5
ORD-101423,2024-02-28,Latin America,Books,Non-Fiction,3,27.33,0,81.99,Enterprise,Credit Card,11,34.87,4.6
ORD-100908,2024-02-28,North America,Sports & Outdoors,Tent,4,596.01,0,2384.04,Consumer,Bank Transfer,11,41.73,4.1
ORD-101874,2024-02-29,Europe,Books,Cookbook,3,26.78,0,80.34,Consumer,Apple Pay,5,44.48,4.0
ORD-101125,2024-03-01,Asia Pacific,Home & Kitchen,Coffee Maker,5,135.53,15,576.0,SMB,Credit Card,5,39.8,4.2
ORD-100823,2024-03-01,Middle East,Clothing,T-Shirt,7,111.95,0,783.65,Consumer,Bank Transfer,1,29.9,4.4
ORD-101460,2024-03-01,Europe,Clothing,Hoodie,1,17.46,15,14.84,SMB,Bank Transfer,6,15.17,4.2
ORD-101930,2024-03-02,Asia Pacific,Electronics,Laptop,2,706.72,0,1413.44,Consumer,Apple Pay,11,37.22,3.8
ORD-101711,2024-03-02,Europe,Sports & Outdoors,Dumbbells,3,626.41,0,1879.23,SMB,Bank Transfer,11,37.89,4.3
ORD-100418,2024-03-03,Latin America,Sports & Outdoors,Running Shoes,2,779.21,0,1558.42,Consumer,Google Pay,3,39.29,4.4
ORD-100004,2024-03-03,North America,Clothing,Sneakers,2,32.54,10,58.57,SMB,Bank Transfer,3,36.51,4.6
ORD-101325,2024-03-04,Europe,Books,Non-Fiction,8,33.96,20,217.34,Consumer,PayPal,11,12.36,3.8
ORD-101217,2024-03-04,Middle East,Sports & Outdoors,Bike,1,359.35,5,341.38,Consumer,Google Pay,1,16.0,4.6
ORD-101170,2024-03-04,Asia Pacific,Home & Kitchen,Vacuum Cleaner,6,114.44,0,686.64,Consumer,Bank Transfer,8,33.91,4.7
ORD-100993,2024-03-05,Latin America,Home & Kitchen,Microwave,7,338.19,5,2248.96,SMB,Bank Transfer,9,34.4,3.2
ORD-100448,2024-03-05,Europe,Home & Kitchen,Coffee Maker,7,425.24,10,2679.01,Consumer,Apple Pay,8,29.52,3.9
ORD-101410,2024-03-05,North America,Clothing,Sneakers,9,22.13,15,169.29,Consumer,Google Pay,5,46.15,5.0
ORD-101546,2024-03-06,Asia Pacific,Clothing,Sneakers,3,148.98,0,446.94,Consumer,Credit Card,1,27.51,4.0
ORD-101710,2024-03-06,Europe,Sports & Outdoors,Tent,3,208.02,0,624.06,Consumer,PayPal,12,9.67,3.8
ORD-100663,2024-03-07,Europe,Home & Kitchen,Coffee Maker,2,445.19,5,845.86,Consumer,PayPal,4,46.03,4.5
ORD-101044,2024-03-07,North America,Books,Biography,7,14.61,0,102.27,Consumer,PayPal,13,12.88,3.8
ORD-100793,2024-03-07,North America,Home & Kitchen,Microwave,9,224.42,0,2019.78,Consumer,Bank Transfer,12,19.28,3.7
ORD-100561,2024-03-08,Latin America,Books,Biography,6,16.33,20,78.38,Consumer,PayPal,13,19.35,5.0
ORD-101115,2024-03-08,North America,Books,Fiction,7,10.92,20,61.15,SMB,Apple Pay,9,14.3,4.4
ORD-101114,2024-03-08,Latin America,Clothing,T-Shirt,9,137.13,10,1110.75,SMB,PayPal,9,12.24,3.6
ORD-101018,2024-03-10,North America,Electronics,Laptop,4,1973.89,5,7500.78,SMB,Credit Card,3,39.93,4.3
ORD-100345,2024-03-11,Asia Pacific,Books,Fiction,8,34.64,0,277.12,Consumer,Apple Pay,4,19.6,4.2
ORD-100044,2024-03-11,Europe,Sports & Outdoors,Tent,4,318.99,0,1275.96,Enterprise,Apple Pay,8,21.94,4.1
ORD-100668,2024-03-11,North America,Electronics,Smartphone,5,1740.09,0,8700.45,Consumer,Apple Pay,9,7.42,4.3
ORD-100888,2024-03-12,Latin America,Home & Kitchen,Microwave,8,47.22,10,339.98,Enterprise,Apple Pay,2,8.4,4.1
ORD-100605,2024-03-13,North America,Books,Non-Fiction,4,9.69,0,38.76,Consumer,PayPal,6,49.6,3.5
ORD-101934,2024-03-13,Latin America,Sports & Outdoors,Dumbbells,6,190.16,0,1140.96,SMB,Google Pay,8,21.9,4.8
ORD-101345,2024-03-13,Latin America,Home & Kitchen,Coffee Maker,6,134.79,0,808.74,Consumer,Credit Card,7,34.37,3.8
ORD-100382,2024-03-13,North America,Electronics,Smartwatch,3,1217.57,0,3652.71,SMB,Credit Card,1,20.24,3.6
ORD-101861,2024-03-14,Europe,Home & Kitchen,Microwave,3,205.45,20,493.08,Enterprise,Google Pay,9,26.56,5.0
ORD-100000,2024-03-14,North America,Books,Biography,4,31.18,0,124.72,Enterprise,Apple Pay,10,10.77,4.1
ORD-101789,2024-03-15,North America,Clothing,Hoodie,1,145.01,15,123.26,Consumer,Apple Pay,2,11.91,4.3
ORD-101895,2024-03-15,North America,Books,Non-Fiction,7,11.0,0,77.0,Consumer,Apple Pay,7,42.31,4.4
ORD-100812,2024-03-15,Europe,Home & Kitchen,Vacuum Cleaner,6,383.05,0,2298.3,Consumer,Apple Pay,3,16.72,3.5
ORD-100171,2024-03-15,Asia Pacific,Clothing,Jacket,8,142.67,0,1141.36,Consumer,Bank Transfer,3,34.39,4.8
ORD-101944,2024-03-15,Europe,Electronics,Laptop,5,1823.1,10,8203.95,SMB,Credit Card,7,45.83,4.4
ORD-101802,2024-03-15,Asia Pacific,Electronics,Smartwatch,4,209.53,5,796.21,Consumer,PayPal,11,35.11,4.9
ORD-100614,2024-03-16,Europe,Home & Kitchen,Microwave,8,460.26,0,3682.08,SMB,Bank Transfer,10,9.85,4.0
ORD-101317,2024-03-16,Europe,Sports & Outdoors,Dumbbells,8,428.21,15,2911.83,SMB,Google Pay,1,9.34,5.0
ORD-100957,2024-03-17,Europe,Home & Kitchen,Air Fryer,5,299.84,20,1199.36,Enterprise,PayPal,12,15.85,3.7
ORD-101276,2024-03-18,North America,Electronics,Smartphone,7,1951.66,5,12978.54,SMB,Bank Transfer,9,30.35,4.0
ORD-100133,2024-03-19,Europe,Electronics,Camera,3,772.99,5,2203.02,Consumer,PayPal,9,40.44,3.4
ORD-100041,2024-03-19,Europe,Electronics,Smartphone,1,1216.91,10,1095.22,Consumer,Apple Pay,10,27.15,4.4
ORD-101823,2024-03-19,North America,Sports & Outdoors,Bike,6,103.18,5,588.13,Consumer,Google Pay,13,27.89,4.9
ORD-100274,2024-03-19,North America,Books,Non-Fiction,8,17.98,5,136.65,Consumer,Bank Transfer,7,17.96,4.8
ORD-100732,2024-03-20,Europe,Electronics,Headphones,4,1403.66,0,5614.64,SMB,Google Pay,6,40.63,3.2
ORD-100161,2024-03-20,North America,Electronics,Tablet,4,1656.15,20,5299.68,SMB,Google Pay,12,24.31,4.3
ORD-101931,2024-03-20,North America,Home & Kitchen,Vacuum Cleaner,2,449.95,20,719.92,Consumer,Bank Transfer,12,7.67,4.2
ORD-101608,2024-03-20,Europe,Electronics,Laptop,8,750.05,10,5400.36,Consumer,Credit Card,5,25.91,4.4
ORD-101817,2024-03-20,Asia Pacific,Electronics,Headphones,1,426.73,0,426.73,Consumer,Credit Card,8,45.34,4.8
ORD-100105,2024-03-22,North America,Clothing,Hoodie,5,52.55,0,262.75,Consumer,Credit Card,7,7.03,4.0
ORD-101495,2024-03-22,North America,Books,Children's Book,9,29.08,20,209.38,Enterprise,Bank Transfer,5,44.72,3.9
ORD-100239,2024-03-23,Asia Pacific,Sports & Outdoors,Running Shoes,9,37.37,10,302.7,Consumer,Apple Pay,11,46.81,4.1
ORD-101799,2024-03-23,North America,Sports & Outdoors,Dumbbells,5,677.43,10,3048.44,Consumer,Credit Card,4,32.87,4.2
ORD-100942,2024-03-23,Asia Pacific,Clothing,Jacket,3,80.76,15,205.94,Enterprise,PayPal,1,21.42,3.6
ORD-101887,2024-03-24,Latin America,Sports & Outdoors,Dumbbells,4,566.45,10,2039.22,SMB,Google Pay,7,5.26,4.0
ORD-101587,2024-03-25,Europe,Sports & Outdoors,Tent,8,495.71,15,3370.83,Consumer,Google Pay,4,38.12,4.9
ORD-100850,2024-03-25,Middle East,Home & Kitchen,Air Fryer,7,415.43,0,2908.01,SMB,Bank Transfer,12,32.04,4.2
ORD-100222,2024-03-27,North America,Books,Children's Book,5,8.57,20,34.28,SMB,PayPal,9,7.47,4.2
ORD-101640,2024-03-27,Asia Pacific,Home & Kitchen,Blender,1,232.67,20,186.14,Consumer,Credit Card,11,45.9,5.0
ORD-101616,2024-03-27,Europe,Home & Kitchen,Microwave,4,195.22,20,624.7,SMB,Google Pay,10,21.61,4.6
ORD-100010,2024-03-28,Europe,Electronics,Smartwatch,7,1031.38,15,6136.71,Consumer,Credit Card,7,22.15,4.6
ORD-101331,2024-03-28,North America,Electronics,Smartphone,5,1060.63,5,5037.99,SMB,PayPal,3,13.81,4.5
ORD-100034,2024-03-28,Latin America,Electronics,Tablet,9,378.4,15,2894.76,Enterprise,Google Pay,8,33.91,4.0
ORD-100895,2024-03-28,Latin America,Sports & Outdoors,Tent,2,63.08,20,100.93,Consumer,PayPal,11,36.59,4.3
ORD-101305,2024-03-28,Europe,Home & Kitchen,Vacuum Cleaner,4,264.15,0,1056.6,Consumer,Google Pay,9,29.77,4.1
ORD-101747,2024-03-28,Latin America,Clothing,Sneakers,3,90.86,15,231.69,Consumer,Google Pay,13,12.72,5.0
ORD-101829,2024-03-29,North America,Electronics,Headphones,5,381.54,0,1907.7,SMB,Credit Card,7,29.43,4.0
ORD-101941,2024-03-29,Latin America,Clothing,Jacket,4,61.22,20,195.9,Consumer,Bank Transfer,4,14.87,3.8
ORD-100173,2024-03-29,Middle East,Clothing,Dress,9,83.61,5,714.87,Consumer,Bank Transfer,7,8.01,3.7
ORD-100147,2024-03-29,Asia Pacific,Clothing,Dress,2,31.47,15,53.5,SMB,Apple Pay,7,6.99,4.8
ORD-100019,2024-03-29,Europe,Sports & Outdoors,Dumbbells,2,49.18,5,93.44,SMB,Bank Transfer,11,47.88,3.6
ORD-101946,2024-03-30,Middle East,Sports & Outdoors,Tent,9,43.69,0,393.21,SMB,Apple Pay,11,36.86,4.0
ORD-101405,2024-03-30,Asia Pacific,Sports & Outdoors,Dumbbells,2,424.26,0,848.52,Consumer,Apple Pay,13,9.67,4.7
ORD-100610,2024-03-30,Europe,Sports & Outdoors,Bike,4,288.71,15,981.61,Consumer,Apple Pay,11,25.66,4.8
ORD-100543,2024-03-30,North America,Home & Kitchen,Microwave,5,185.53,0,927.65,Consumer,Credit Card,6,17.21,3.3
ORD-100185,2024-03-30,Latin America,Electronics,Smartwatch,7,1726.11,20,9666.22,SMB,Credit Card,5,17.06,4.5
ORD-100752,2024-04-01,Asia Pacific,Home & Kitchen,Air Fryer,6,129.56,0,777.36,Consumer,Credit Card,7,12.09,4.6
ORD-101494,2024-04-01,Europe,Electronics,Camera,2,1767.74,0,3535.48,SMB,Apple Pay,8,15.97,3.7
ORD-100348,2024-04-02,Europe,Home & Kitchen,Microwave,5,180.61,15,767.59,Consumer,PayPal,3,10.77,4.0
ORD-100527,2024-04-02,Middle East,Books,Cookbook,8,22.17,15,150.76,Consumer,Credit Card,4,26.55,5.0
ORD-100731,2024-04-03,Latin America,Electronics,Smartphone,5,1014.04,5,4816.69,Consumer,Google Pay,11,20.84,3.4
ORD-100831,2024-04-04,North America,Books,Children's Book,4,30.65,15,104.21,SMB,Apple Pay,10,17.22,5.0
ORD-101264,2024-04-04,Asia Pacific,Home & Kitchen,Air Fryer,3,231.9,10,626.13,Consumer,Google Pay,3,31.35,3.6
ORD-100130,2024-04-04,Europe,Home & Kitchen,Air Fryer,9,120.52,20,867.74,SMB,Credit Card,4,8.13,4.0
ORD-100832,2024-04-05,Asia Pacific,Electronics,Camera,3,1063.72,10,2872.04,SMB,Bank Transfer,1,26.55,3.9
ORD-100714,2024-04-06,Europe,Clothing,Dress,1,27.93,10,25.14,Consumer,Google Pay,1,7.99,3.1
ORD-100194,2024-04-07,North America,Home & Kitchen,Blender,2,473.59,5,899.82,SMB,Bank Transfer,4,12.29,4.3
ORD-100867,2024-04-07,North America,Clothing,Dress,5,32.35,0,161.75,Consumer,PayPal,1,38.22,3.4
ORD-101610,2024-04-07,Europe,Books,Children's Book,3,24.56,0,73.68,Consumer,Credit Card,9,43.17,3.4
ORD-101547,2024-04-07,Europe,Sports & Outdoors,Dumbbells,9,202.99,20,1461.53,Enterprise,Credit Card,3,31.82,5.0
ORD-101540,2024-04-07,Europe,Sports & Outdoors,Dumbbells,5,510.39,15,2169.16,Consumer,Credit Card,11,13.93,3.9
ORD-100295,2024-04-08,North America,Books,Non-Fiction,4,30.59,0,122.36,Consumer,Google Pay,3,30.35,3.7
ORD-101472,2024-04-08,Europe,Clothing,Jeans,8,104.66,0,837.28,Consumer,PayPal,5,39.11,4.2
ORD-100613,2024-04-10,Europe,Home & Kitchen,Air Fryer,4,76.42,0,305.68,Consumer,Google Pay,2,13.68,4.0
ORD-100779,2024-04-10,Asia Pacific,Home & Kitchen,Vacuum Cleaner,6,211.44,0,1268.64,Consumer,Apple Pay,5,9.5,4.0
ORD-100607,2024-04-11,North America,Books,Biography,7,24.89,15,148.1,Consumer,Google Pay,1,5.19,3.9
ORD-100602,2024-04-11,North America,Home & Kitchen,Vacuum Cleaner,9,488.99,0,4400.91,Consumer,PayPal,5,27.5,3.2
ORD-101372,2024-04-11,Europe,Sports & Outdoors,Dumbbells,8,175.23,0,1401.84,SMB,PayPal,1,14.0,3.5
ORD-101309,2024-04-11,North America,Home & Kitchen,Coffee Maker,6,354.62,0,2127.72,Consumer,Apple Pay,10,6.59,4.7
ORD-101524,2024-04-12,Asia Pacific,Electronics,Smartphone,7,1294.63,20,7249.93,Enterprise,PayPal,3,14.82,4.6
ORD-101873,2024-04-12,North America,Home & Kitchen,Air Fryer,6,322.7,20,1548.96,SMB,Bank Transfer,8,7.38,5.0
ORD-101838,2024-04-12,Asia Pacific,Clothing,Jacket,9,101.66,0,914.94,SMB,Credit Card,4,19.99,3.3
ORD-101025,2024-04-13,Europe,Electronics,Smartphone,6,1155.81,0,6934.86,SMB,Credit Card,4,20.08,4.4
ORD-101481,2024-04-13,Europe,Sports & Outdoors,Yoga Mat,1,639.58,5,607.6,Consumer,Bank Transfer,13,40.01,4.5
ORD-100491,2024-04-14,North America,Home & Kitchen,Air Fryer,9,461.84,15,3533.08,Consumer,Credit Card,1,8.63,3.6
ORD-100628,2024-04-14,Asia Pacific,Books,Biography,2,32.66,0,65.32,SMB,Apple Pay,4,31.8,3.8
ORD-100636,2024-04-14,Europe,Sports & Outdoors,Tent,2,295.66,20,473.06,SMB,PayPal,12,34.07,4.4
ORD-101499,2024-04-15,Europe,Books,Non-Fiction,4,24.28,0,97.12,Consumer,PayPal,10,26.11,3.7
ORD-101576,2024-04-15,Middle East,Home & Kitchen,Coffee Maker,9,257.14,0,2314.26,Enterprise,Credit Card,12,35.62,4.3
ORD-101694,2024-04-15,Asia Pacific,Sports & Outdoors,Tent,1,623.51,15,529.98,Consumer,Credit Card,4,34.02,5.0
ORD-100770,2024-04-15,Europe,Clothing,Jacket,4,30.95,5,117.61,SMB,Google Pay,10,32.75,3.5
ORD-100689,2024-04-15,North America,Books,Biography,6,15.81,0,94.86,Consumer,Credit Card,7,12.94,4.7
ORD-100747,2024-04-15,Europe,Sports & Outdoors,Dumbbells,3,357.41,0,1072.23,SMB,Bank Transfer,12,48.8,3.6
ORD-100367,2024-04-15,North America,Books,Children's Book,3,19.52,20,46.85,Consumer,PayPal,10,42.94,4.5
ORD-100643,2024-04-15,North America,Electronics,Tablet,6,1231.57,20,5911.54,Consumer,PayPal,5,44.77,3.2
ORD-100856,2024-04-16,Asia Pacific,Sports & Outdoors,Bike,2,524.02,10,943.24,Consumer,Google Pay,6,25.53,4.6
ORD-101606,2024-04-16,Europe,Electronics,Tablet,7,785.85,20,4400.76,Consumer,Credit Card,2,5.18,4.5
ORD-100570,2024-04-16,North America,Sports & Outdoors,Tent,5,511.58,10,2302.11,Consumer,Credit Card,4,39.88,4.2
ORD-100503,2024-04-16,Middle East,Sports & Outdoors,Yoga Mat,9,729.64,0,6566.76,SMB,Credit Card,2,8.37,4.3
ORD-101962,2024-04-17,Europe,Books,Biography,4,12.26,10,44.14,Enterprise,Google Pay,7,41.72,4.8
ORD-100529,2024-04-17,North America,Books,Cookbook,4,13.07,15,44.44,Consumer,Apple Pay,7,10.49,4.3
ORD-101975,2024-04-17,Europe,Clothing,Hoodie,9,80.54,5,688.62,Consumer,Bank Transfer,12,23.13,4.0
ORD-101023,2024-04-17,North America,Electronics,Smartwatch,7,207.1,0,1449.7,Consumer,Credit Card,7,41.12,3.6
ORD-100446,2024-04-17,North America,Electronics,Smartphone,2,762.3,5,1448.37,Consumer,Credit Card,11,47.11,4.3
ORD-100236,2024-04-18,Europe,Electronics,Headphones,3,451.62,0,1354.86,Consumer,Bank Transfer,6,32.65,3.8
ORD-100026,2024-04-18,Latin America,Clothing,Dress,6,144.01,5,820.86,Consumer,PayPal,2,9.77,4.2
ORD-101983,2024-04-19,North America,Electronics,Headphones,9,1749.02,0,15741.18,Consumer,Google Pay,12,37.52,4.9
ORD-101463,2024-04-19,Asia Pacific,Books,Non-Fiction,8,11.39,0,91.12,SMB,PayPal,4,16.13,3.3
ORD-100162,2024-04-19,Middle East,Clothing,Jacket,1,87.17,0,87.17,Consumer,Google Pay,8,45.63,3.6
ORD-101736,2024-04-20,Europe,Books,Cookbook,8,30.78,5,233.93,Consumer,Bank Transfer,3,32.08,3.6
ORD-100498,2024-04-20,Latin America,Clothing,Jacket,5,111.93,0,559.65,Consumer,PayPal,8,20.31,4.9
ORD-100468,2024-04-20,Europe,Clothing,T-Shirt,9,149.5,20,1076.4,Consumer,Google Pay,1,5.64,4.8
ORD-101210,2024-04-21,North America,Clothing,Jacket,2,109.93,0,219.86,Consumer,Credit Card,7,37.05,3.3
ORD-100939,2024-04-21,Latin America,Electronics,Smartphone,9,1913.73,5,16362.39,Consumer,Bank Transfer,1,36.61,4.4
ORD-100727,2024-04-21,Asia Pacific,Clothing,Jacket,1,20.96,0,20.96,Consumer,Google Pay,6,27.77,5.0
ORD-100160,2024-04-21,North America,Electronics,Headphones,5,1140.05,20,4560.2,Consumer,PayPal,3,47.63,3.3
ORD-101336,2024-04-21,Europe,Clothing,T-Shirt,3,102.58,5,292.35,Consumer,Credit Card,11,11.31,3.7
ORD-101485,2024-04-21,Asia Pacific,Electronics,Smartphone,2,968.85,0,1937.7,Consumer,PayPal,9,26.25,4.1
ORD-101713,2024-04-22,Asia Pacific,Books,Fiction,6,15.48,5,88.24,SMB,Google Pay,12,46.69,3.6
ORD-101191,2024-04-23,Europe,Home & Kitchen,Microwave,1,33.99,0,33.99,SMB,Credit Card,7,6.98,4.2
ORD-101936,2024-04-23,North America,Sports & Outdoors,Tent,3,676.32,10,1826.06,SMB,Credit Card,13,17.72,4.9
ORD-101107,2024-04-23,North America,Home & Kitchen,Vacuum Cleaner,3,421.92,5,1202.47,Consumer,Apple Pay,6,30.0,4.2
ORD-101743,2024-04-23,Latin America,Electronics,Smartwatch,8,1433.48,0,11467.84,SMB,Apple Pay,8,15.9,3.4
ORD-100969,2024-04-23,Asia Pacific,Books,Children's Book,7,26.57,0,185.99,Consumer,Apple Pay,10,21.5,3.4
ORD-100693,2024-04-23,Europe,Sports & Outdoors,Tent,6,707.48,10,3820.39,Consumer,Apple Pay,2,9.72,4.9
ORD-101985,2024-04-24,Asia Pacific,Home & Kitchen,Coffee Maker,5,107.39,10,483.26,SMB,Bank Transfer,10,48.32,5.0
ORD-100007,2024-04-24,Asia Pacific,Clothing,Sneakers,8,78.6,5,597.36,SMB,Bank Transfer,8,18.68,4.5
ORD-100467,2024-04-24,Europe,Sports & Outdoors,Bike,6,88.13,5,502.34,Consumer,Credit Card,5,14.91,3.5
ORD-100929,2024-04-25,Latin America,Clothing,Hoodie,8,136.56,20,873.98,Consumer,Google Pay,13,34.32,3.7
ORD-101897,2024-04-25,North America,Clothing,T-Shirt,7,96.83,15,576.14,Enterprise,Google Pay,11,23.33,5.0
ORD-101712,2024-04-25,Middle East,Home & Kitchen,Blender,6,241.91,10,1306.31,SMB,Google Pay,4,34.45,4.0
ORD-100612,2024-04-25,Europe,Sports & Outdoors,Bike,9,335.7,10,2719.17,Consumer,Bank Transfer,1,9.61,4.0
ORD-100549,2024-04-26,Latin America,Clothing,T-Shirt,8,25.47,20,163.01,Consumer,PayPal,10,49.86,5.0
ORD-101049,2024-04-26,North America,Books,Children's Book,9,33.88,0,304.92,Consumer,PayPal,13,8.1,4.0
ORD-101718,2024-04-27,Asia Pacific,Home & Kitchen,Air Fryer,8,331.95,0,2655.6,SMB,Apple Pay,3,17.86,4.1
ORD-101251,2024-04-27,Europe,Sports & Outdoors,Dumbbells,2,564.34,15,959.38,Consumer,Apple Pay,2,49.65,3.3
ORD-100374,2024-04-28,Europe,Electronics,Headphones,3,551.05,10,1487.83,SMB,Credit Card,10,29.98,4.4
ORD-101792,2024-04-29,Asia Pacific,Electronics,Camera,3,1551.55,0,4654.65,SMB,Credit Card,4,40.74,3.9
ORD-101436,2024-04-30,Latin America,Clothing,Sneakers,9,38.25,10,309.82,Enterprise,Credit Card,10,48.64,4.1
ORD-100513,2024-04-30,North America,Electronics,Smartphone,4,413.89,5,1572.78,Consumer,PayPal,3,13.79,5.0
ORD-101888,2024-04-30,North America,Books,Fiction,3,14.75,20,35.4,Consumer,Google Pay,8,22.7,4.0
ORD-101193,2024-04-30,Middle East,Home & Kitchen,Blender,1,283.43,0,283.43,Enterprise,Bank Transfer,11,11.6,4.1
ORD-100055,2024-05-01,North America,Books,Cookbook,2,20.8,0,41.6,Consumer,Credit Card,4,32.49,3.5
ORD-101583,2024-05-01,Europe,Books,Children's Book,9,17.37,0,156.33,Enterprise,Google Pay,3,42.05,4.2
ORD-100277,2024-05-03,Asia Pacific,Sports & Outdoors,Yoga Mat,1,392.57,20,314.06,SMB,Apple Pay,4,21.5,4.6
ORD-101945,2024-05-03,Europe,Clothing,Jeans,9,21.99,0,197.91,Consumer,PayPal,11,5.6,4.9
ORD-100686,2024-05-03,North America,Clothing,T-Shirt,9,142.08,20,1022.98,SMB,PayPal,12,6.07,5.0
ORD-101185,2024-05-03,Middle East,Electronics,Camera,7,1388.75,0,9721.25,Consumer,PayPal,4,39.7,4.8
ORD-100359,2024-05-04,North America,Clothing,Jeans,8,95.7,5,727.32,SMB,PayPal,5,23.44,3.8
ORD-100016,2024-05-04,Europe,Sports & Outdoors,Tent,5,630.53,0,3152.65,Consumer,Credit Card,3,26.31,4.2
ORD-100342,2024-05-05,Latin America,Books,Fiction,5,12.18,15,51.76,Consumer,PayPal,11,5.34,3.8
ORD-101493,2024-05-05,North America,Electronics,Headphones,3,1519.59,0,4558.77,Consumer,PayPal,2,48.79,3.9
ORD-101192,2024-05-05,Asia Pacific,Home & Kitchen,Air Fryer,4,189.86,0,759.44,Consumer,Bank Transfer,2,30.23,4.5
ORD-100435,2024-05-05,Latin America,Home & Kitchen,Vacuum Cleaner,8,236.35,15,1607.18,SMB,Google Pay,13,43.35,4.3
ORD-100023,2024-05-05,North America,Home & Kitchen,Air Fryer,1,441.04,0,441.04,SMB,PayPal,13,11.48,4.0
ORD-101413,2024-05-05,Asia Pacific,Sports & Outdoors,Running Shoes,3,414.31,5,1180.78,Consumer,PayPal,1,46.53,4.7
ORD-101448,2024-05-06,Europe,Home & Kitchen,Coffee Maker,1,260.04,0,260.04,SMB,Credit Card,12,47.56,5.0
ORD-100072,2024-05-06,North America,Home & Kitchen,Microwave,7,382.49,10,2409.69,Consumer,PayPal,13,49.35,3.9
ORD-100315,2024-05-06,Asia Pacific,Books,Non-Fiction,4,27.96,0,111.84,Consumer,Bank Transfer,7,22.16,3.4
ORD-101900,2024-05-07,Europe,Home & Kitchen,Vacuum Cleaner,1,494.85,0,494.85,Consumer,Apple Pay,2,13.34,4.6
ORD-100132,2024-05-07,Asia Pacific,Clothing,Dress,5,82.6,0,413.0,Enterprise,Apple Pay,2,37.75,4.7
ORD-100751,2024-05-07,North America,Clothing,Sneakers,3,36.75,0,110.25,Consumer,Credit Card,3,48.3,4.9
ORD-101128,2024-05-07,Asia Pacific,Clothing,Dress,9,64.46,10,522.13,SMB,Google Pay,4,24.7,5.0
ORD-100420,2024-05-07,Asia Pacific,Electronics,Laptop,7,1625.64,10,10241.53,Enterprise,Bank Transfer,13,26.79,3.5
ORD-100966,2024-05-08,North America,Electronics,Laptop,9,1380.0,0,12420.0,Enterprise,PayPal,12,9.96,3.2
ORD-101507,2024-05-08,Europe,Books,Fiction,6,33.22,0,199.32,Enterprise,Google Pay,8,46.84,3.8
ORD-101677,2024-05-08,Latin America,Home & Kitchen,Coffee Maker,2,189.5,0,379.0,Consumer,PayPal,8,11.14,4.1
ORD-101237,2024-05-08,Middle East,Electronics,Smartwatch,1,1595.97,5,1516.17,Enterprise,PayPal,7,39.78,3.6
ORD-100700,2024-05-09,North America,Home & Kitchen,Microwave,7,143.11,0,1001.77,SMB,Apple Pay,4,7.11,4.1
ORD-101555,2024-05-09,Latin America,Books,Children's Book,1,34.01,0,34.01,Consumer,PayPal,10,23.3,3.9
ORD-100855,2024-05-09,North America,Electronics,Camera,4,1844.38,15,6270.89,Consumer,Google Pay,3,17.02,5.0
ORD-100351,2024-05-11,Europe,Books,Biography,2,30.19,0,60.38,Consumer,Credit Card,7,14.45,3.8
ORD-100477,2024-05-12,Asia Pacific,Home & Kitchen,Coffee Maker,6,400.9,0,2405.4,Enterprise,Google Pay,3,34.12,4.2
ORD-100228,2024-05-13,North America,Clothing,T-Shirt,2,126.3,5,239.97,Enterprise,Google Pay,4,47.84,4.0
ORD-101011,2024-05-13,North America,Electronics,Smartwatch,8,1357.06,0,10856.48,SMB,Apple Pay,8,13.01,4.4
ORD-101724,2024-05-13,North America,Sports & Outdoors,Tent,9,86.28,15,660.04,SMB,Apple Pay,4,42.48,4.5
ORD-101397,2024-05-14,North America,Books,Non-Fiction,8,18.35,20,117.44,Consumer,PayPal,6,17.53,4.2
ORD-100635,2024-05-14,North America,Clothing,Sneakers,1,51.13,15,43.46,Consumer,Apple Pay,10,6.41,5.0
ORD-100454,2024-05-15,North America,Books,Biography,5,18.01,15,76.54,Consumer,PayPal,9,5.09,3.6
ORD-100096,2024-05-15,North America,Books,Fiction,3,9.36,5,26.68,SMB,Bank Transfer,3,31.81,3.0
ORD-101315,2024-05-15,North America,Sports & Outdoors,Bike,8,113.71,10,818.71,Consumer,Bank Transfer,3,34.05,4.2
ORD-101339,2024-05-15,Europe,Sports & Outdoors,Bike,4,344.63,10,1240.67,Consumer,Credit Card,3,8.4,3.9
ORD-100192,2024-05-15,Asia Pacific,Clothing,Dress,4,139.65,0,558.6,SMB,PayPal,6,14.03,4.7
ORD-101182,2024-05-16,North America,Home & Kitchen,Blender,1,276.64,5,262.81,SMB,Google Pay,9,30.07,3.9
ORD-101846,2024-05-16,Asia Pacific,Sports & Outdoors,Dumbbells,4,440.6,0,1762.4,SMB,Credit Card,11,48.35,3.5
ORD-100860,2024-05-16,North America,Sports & Outdoors,Dumbbells,4,235.9,10,849.24,SMB,Bank Transfer,4,22.51,5.0
ORD-101446,2024-05-16,Europe,Sports & Outdoors,Bike,5,384.86,10,1731.87,Consumer,Google Pay,10,22.87,4.9
ORD-100973,2024-05-17,Asia Pacific,Home & Kitchen,Microwave,7,194.2,0,1359.4,Enterprise,Credit Card,6,35.97,4.1
ORD-100698,2024-05-17,North America,Electronics,Headphones,7,863.07,15,5135.27,Consumer,Apple Pay,11,24.36,4.8
ORD-100736,2024-05-18,North America,Electronics,Smartwatch,5,598.32,10,2692.44,Consumer,Bank Transfer,9,34.54,3.3
ORD-100813,2024-05-18,North America,Clothing,Hoodie,1,56.71,20,45.37,SMB,Google Pay,8,33.98,4.2
ORD-101376,2024-05-18,Europe,Clothing,Dress,9,27.78,0,250.02,Consumer,Bank Transfer,10,25.41,3.9
ORD-100680,2024-05-19,Latin America,Electronics,Camera,7,1325.84,10,8352.79,SMB,Bank Transfer,12,32.24,4.0
ORD-101086,2024-05-19,Asia Pacific,Sports & Outdoors,Dumbbells,3,287.44,10,776.09,SMB,Apple Pay,5,45.5,3.5
ORD-100040,2024-05-19,Latin America,Sports & Outdoors,Tent,6,630.45,20,3026.16,Consumer,Apple Pay,1,32.73,3.7
ORD-101791,2024-05-19,North America,Home & Kitchen,Microwave,6,258.71,0,1552.26,Consumer,Bank Transfer,5,6.22,4.9
ORD-100611,2024-05-19,Latin America,Home & Kitchen,Coffee Maker,9,39.27,0,353.43,Consumer,Apple Pay,1,16.03,3.6
ORD-100084,2024-05-20,Europe,Clothing,Jeans,1,103.14,0,103.14,Consumer,Google Pay,13,9.64,4.6
ORD-101678,2024-05-20,Asia Pacific,Home & Kitchen,Vacuum Cleaner,1,293.64,5,278.96,SMB,Google Pay,5,26.22,4.0
ORD-101486,2024-05-20,Middle East,Electronics,Laptop,7,1906.9,0,13348.3,Consumer,PayPal,2,13.97,4.3
ORD-100858,2024-05-20,Europe,Home & Kitchen,Blender,4,161.62,0,646.48,Consumer,Bank Transfer,11,48.69,3.7
ORD-101629,2024-05-21,North America,Electronics,Smartwatch,2,784.26,10,1411.67,Consumer,Apple Pay,5,30.65,4.2
ORD-100471,2024-05-21,North America,Clothing,T-Shirt,3,91.29,5,260.18,Consumer,Google Pay,2,14.98,3.2
ORD-100493,2024-05-23,Europe,Books,Non-Fiction,8,29.77,0,238.16,SMB,Google Pay,10,7.77,4.3
ORD-100592,2024-05-23,North America,Home & Kitchen,Air Fryer,4,145.52,0,582.08,SMB,Google Pay,9,15.15,4.2
ORD-101204,2024-05-23,Latin America,Home & Kitchen,Coffee Maker,8,223.05,5,1695.18,SMB,PayPal,2,15.95,3.8
ORD-100172,2024-05-23,North America,Books,Fiction,4,14.17,15,48.18,Enterprise,Apple Pay,11,27.39,3.7
ORD-101143,2024-05-24,Europe,Books,Cookbook,4,8.66,0,34.64,SMB,PayPal,7,30.93,4.1
ORD-100126,2024-05-24,Europe,Sports & Outdoors,Running Shoes,8,271.33,15,1845.04,SMB,Bank Transfer,11,46.07,3.8
ORD-101441,2024-05-24,Latin America,Electronics,Laptop,4,1523.98,5,5791.12,SMB,Bank Transfer,7,6.82,4.0
ORD-101385,2024-05-24,North America,Sports & Outdoors,Bike,2,401.74,0,803.48,Consumer,Bank Transfer,10,36.62,4.2
ORD-101267,2024-05-24,North America,Home & Kitchen,Microwave,9,275.85,20,1986.12,Consumer,Apple Pay,3,47.31,4.8
ORD-100139,2024-05-24,North America,Electronics,Smartwatch,7,917.31,20,5136.94,SMB,Credit Card,6,44.38,4.5
ORD-100280,2024-05-25,Europe,Sports & Outdoors,Dumbbells,1,603.5,0,603.5,SMB,Credit Card,8,31.78,2.8
ORD-100915,2024-05-25,Latin America,Sports & Outdoors,Bike,1,593.56,0,593.56,Consumer,Credit Card,4,41.19,4.7
ORD-101542,2024-05-28,North America,Electronics,Headphones,9,397.17,0,3574.53,SMB,PayPal,11,13.26,3.6
ORD-101257,2024-05-28,Asia Pacific,Clothing,Hoodie,6,89.29,10,482.17,SMB,Google Pay,6,12.92,5.0
ORD-101725,2024-05-28,Asia Pacific,Sports & Outdoors,Tent,7,444.21,20,2487.58,Consumer,Credit Card,1,6.2,4.9
ORD-101291,2024-05-28,Europe,Electronics,Smartwatch,2,829.43,15,1410.03,Enterprise,Credit Card,11,44.57,4.1
ORD-101283,2024-05-29,North America,Books,Children's Book,8,32.19,0,257.52,SMB,Apple Pay,10,22.51,4.0
ORD-101132,2024-05-29,Europe,Electronics,Camera,9,381.65,20,2747.88,Consumer,Google Pay,4,25.6,4.4
ORD-101572,2024-05-29,Latin America,Sports & Outdoors,Tent,7,102.62,0,718.34,Consumer,Credit Card,2,14.54,4.2
ORD-101453,2024-05-29,North America,Electronics,Laptop,3,1761.93,15,4492.92,SMB,Credit Card,6,19.54,4.5
ORD-101003,2024-05-29,Europe,Home & Kitchen,Blender,8,487.86,0,3902.88,SMB,Google Pay,8,34.77,2.9
ORD-101389,2024-05-29,Europe,Books,Fiction,9,11.42,0,102.78,Consumer,Bank Transfer,4,28.63,3.3
ORD-101549,2024-05-30,Asia Pacific,Books,Non-Fiction,9,21.5,20,154.8,Consumer,PayPal,6,5.01,4.0
ORD-101727,2024-05-31,North America,Books,Fiction,9,22.34,15,170.9,Consumer,Bank Transfer,12,37.53,3.6
ORD-100615,2024-05-31,North America,Books,Cookbook,3,23.25,0,69.75,Consumer,Google Pay,4,34.39,3.1
ORD-100254,2024-05-31,Europe,Home & Kitchen,Microwave,9,230.21,15,1761.11,Consumer,PayPal,5,11.83,4.3
ORD-101793,2024-05-31,North America,Books,Children's Book,9,34.37,15,262.93,Enterprise,PayPal,11,12.43,4.9
ORD-100495,2024-06-01,North America,Home & Kitchen,Coffee Maker,3,488.67,10,1319.41,Consumer,Apple Pay,5,14.83,4.0
ORD-101246,2024-06-01,North America,Sports & Outdoors,Yoga Mat,2,475.63,0,951.26,SMB,PayPal,1,26.88,3.2
ORD-101603,2024-06-01,Europe,Home & Kitchen,Air Fryer,4,315.8,0,1263.2,Consumer,Google Pay,13,40.19,3.7
ORD-101392,2024-06-03,Europe,Home & Kitchen,Air Fryer,3,134.82,0,404.46,Consumer,Bank Transfer,13,42.68,4.8
ORD-100157,2024-06-03,Asia Pacific,Sports & Outdoors,Running Shoes,2,312.08,0,624.16,Consumer,PayPal,8,32.32,2.5
ORD-100842,2024-06-03,Middle East,Books,Children's Book,4,8.15,0,32.6,Enterprise,Credit Card,6,24.64,3.6
ORD-100721,2024-06-04,Asia Pacific,Books,Fiction,3,25.28,10,68.26,SMB,Apple Pay,5,37.99,4.6
ORD-100822,2024-06-04,North America,Clothing,T-Shirt,10,76.35,15,648.98,Consumer,Google Pay,7,48.94,4.5
ORD-100165,2024-06-04,Asia Pacific,Electronics,Camera,8,369.71,20,2366.14,SMB,Credit Card,13,47.45,4.6
ORD-100766,2024-06-04,North America,Home & Kitchen,Blender,1,271.07,0,271.07,Enterprise,Credit Card,10,25.19,3.4
ORD-101913,2024-06-05,Asia Pacific,Sports & Outdoors,Tent,7,342.65,20,1918.84,Consumer,Bank Transfer,7,48.04,4.8
ORD-100286,2024-06-05,North America,Books,Cookbook,4,28.42,0,113.68,Consumer,Google Pay,5,30.72,4.2
ORD-101272,2024-06-05,Asia Pacific,Books,Biography,3,10.12,20,24.29,Consumer,PayPal,4,33.59,3.8
ORD-100261,2024-06-05,North America,Sports & Outdoors,Dumbbells,7,570.11,0,3990.77,SMB,Credit Card,5,9.23,4.1
ORD-100820,2024-06-06,North America,Clothing,Sneakers,1,15.7,5,14.92,Consumer,Credit Card,4,40.86,3.7
ORD-101995,2024-06-06,Europe,Sports & Outdoors,Tent,10,169.32,15,1439.22,SMB,Bank Transfer,4,12.42,3.9
ORD-101054,2024-06-06,Europe,Sports & Outdoors,Bike,8,507.59,15,3451.61,SMB,Bank Transfer,7,38.69,3.4
ORD-101885,2024-06-06,North America,Clothing,Jacket,1,61.9,20,49.52,SMB,PayPal,4,6.82,3.9
ORD-100641,2024-06-06,Asia Pacific,Books,Biography,1,10.99,0,10.99,Consumer,PayPal,11,11.36,4.1
ORD-101562,2024-06-07,North America,Books,Biography,2,33.47,20,53.55,Consumer,Credit Card,7,5.6,4.7
ORD-101502,2024-06-07,Latin America,Clothing,Hoodie,1,41.13,0,41.13,Consumer,Apple Pay,4,46.96,4.3
ORD-100952,2024-06-07,Latin America,Books,Non-Fiction,7,15.99,10,100.74,SMB,PayPal,10,31.21,4.2
ORD-100558,2024-06-08,Middle East,Clothing,Sneakers,10,88.56,5,841.32,Consumer,Bank Transfer,5,27.67,4.6
ORD-101253,2024-06-09,Europe,Sports & Outdoors,Dumbbells,6,610.49,20,2930.35,Consumer,Credit Card,10,24.27,5.0
ORD-101404,2024-06-09,Asia Pacific,Books,Cookbook,2,21.2,0,42.4,Consumer,Credit Card,6,37.43,4.0
ORD-101560,2024-06-10,Europe,Sports & Outdoors,Running Shoes,7,799.76,10,5038.49,SMB,Apple Pay,4,16.56,5.0
ORD-100123,2024-06-11,North America,Sports & Outdoors,Running Shoes,10,212.41,10,1911.69,Consumer,Apple Pay,2,35.36,4.6
ORD-100671,2024-06-11,Asia Pacific,Home & Kitchen,Microwave,10,76.22,0,762.2,Consumer,PayPal,1,41.02,3.9
ORD-101514,2024-06-12,Asia Pacific,Books,Children's Book,7,15.3,0,107.1,Consumer,Bank Transfer,1,40.36,5.0
ORD-101597,2024-06-12,North America,Clothing,T-Shirt,10,145.83,0,1458.3,Enterprise,PayPal,7,36.31,2.7
ORD-100981,2024-06-12,Latin America,Books,Biography,9,26.22,0,235.98,Consumer,Google Pay,3,26.81,3.7
ORD-101422,2024-06-13,North America,Clothing,Sneakers,8,37.56,20,240.38,Consumer,Apple Pay,10,20.43,3.4
ORD-101133,2024-06-13,Asia Pacific,Electronics,Camera,3,1641.72,0,4925.16,SMB,Bank Transfer,11,7.16,4.4
ORD-101168,2024-06-13,Europe,Clothing,Hoodie,1,149.24,0,149.24,SMB,Google Pay,3,11.04,3.7
ORD-101923,2024-06-14,Latin America,Electronics,Headphones,10,1082.55,15,9201.67,Consumer,Google Pay,13,17.44,5.0
ORD-100330,2024-06-14,Europe,Sports & Outdoors,Dumbbells,8,51.16,5,388.82,Consumer,Credit Card,4,46.55,4.7
ORD-101671,2024-06-14,Europe,Clothing,Jacket,7,142.57,10,898.19,Consumer,PayPal,1,41.88,4.4
ORD-100683,2024-06-14,Asia Pacific,Home & Kitchen,Air Fryer,3,357.09,15,910.58,Consumer,Bank Transfer,5,35.9,4.7
ORD-100225,2024-06-15,Europe,Electronics,Smartwatch,10,1278.97,20,10231.76,Consumer,Google Pay,7,15.1,5.0
ORD-101833,2024-06-15,North America,Sports & Outdoors,Dumbbells,2,714.8,0,1429.6,SMB,PayPal,1,25.26,4.5
ORD-100426,2024-06-15,Europe,Electronics,Smartwatch,10,1277.95,15,10862.58,Consumer,Bank Transfer,1,41.2,4.9
ORD-101733,2024-06-16,North America,Books,Fiction,8,21.32,0,170.56,Consumer,Google Pay,10,18.47,3.9
ORD-101512,2024-06-16,Asia Pacific,Electronics,Headphones,7,764.35,5,5082.93,Consumer,Credit Card,8,43.21,5.0
ORD-101516,2024-06-16,Latin America,Home & Kitchen,Microwave,3,465.76,10,1257.55,Consumer,Credit Card,12,33.53,5.0
ORD-101639,2024-06-17,Europe,Home & Kitchen,Air Fryer,7,425.09,20,2380.5,SMB,Credit Card,3,41.9,4.0
ORD-101396,2024-06-17,Europe,Books,Fiction,1,21.14,0,21.14,SMB,Credit Card,9,20.42,3.7
ORD-101510,2024-06-17,Europe,Clothing,Hoodie,9,47.55,0,427.95,SMB,Credit Card,10,11.86,4.2
ORD-100388,2024-06-18,Latin America,Electronics,Tablet,7,328.82,0,2301.74,Consumer,Google Pay,6,7.88,4.7
ORD-101605,2024-06-19,North America,Home & Kitchen,Air Fryer,8,497.89,5,3783.96,Consumer,Google Pay,1,11.7,3.4
ORD-101916,2024-06-19,Latin America,Electronics,Laptop,1,665.67,15,565.82,SMB,Apple Pay,13,10.03,4.9
ORD-101361,2024-06-20,Europe,Home & Kitchen,Blender,8,453.49,10,3265.13,Consumer,Google Pay,5,37.12,3.8
ORD-101581,2024-06-20,Asia Pacific,Clothing,T-Shirt,8,48.15,10,346.68,Consumer,Google Pay,2,31.68,4.7
ORD-100665,2024-06-21,Asia Pacific,Sports & Outdoors,Dumbbells,4,715.67,10,2576.41,SMB,Bank Transfer,12,29.71,4.5
ORD-100148,2024-06-21,Asia Pacific,Clothing,T-Shirt,3,143.07,0,429.21,Consumer,Bank Transfer,5,27.22,3.3
ORD-100737,2024-06-21,North America,Electronics,Smartwatch,4,306.8,15,1043.12,Consumer,Bank Transfer,2,30.23,3.4
ORD-100990,2024-06-21,Asia Pacific,Electronics,Tablet,9,1361.51,15,10415.55,Consumer,Apple Pay,6,12.75,4.0
ORD-101490,2024-06-21,Europe,Home & Kitchen,Microwave,7,468.88,0,3282.16,SMB,PayPal,5,39.77,4.5
ORD-100207,2024-06-22,North America,Electronics,Laptop,1,328.35,20,262.68,Consumer,Bank Transfer,11,39.85,4.1
ORD-100524,2024-06-22,Asia Pacific,Sports & Outdoors,Bike,2,138.02,10,248.44,Enterprise,Credit Card,2,17.54,4.8
ORD-101943,2024-06-22,Europe,Books,Non-Fiction,2,8.39,15,14.26,Consumer,Google Pay,7,35.53,3.6
ORD-100322,2024-06-23,North America,Books,Children's Book,4,29.13,0,116.52,Consumer,PayPal,13,37.58,3.9
ORD-100145,2024-06-24,North America,Clothing,Jeans,6,72.07,0,432.42,SMB,Credit Card,5,7.49,3.6
ORD-101695,2024-06-24,North America,Electronics,Laptop,2,505.54,10,909.97,SMB,Apple Pay,9,37.87,3.3
ORD-101239,2024-06-24,Europe,Electronics,Laptop,7,1584.57,20,8873.59,Consumer,Google Pay,11,20.13,3.9
ORD-100336,2024-06-25,Europe,Home & Kitchen,Air Fryer,1,224.98,15,191.23,Consumer,Credit Card,3,32.97,3.8
ORD-101177,2024-06-25,Asia Pacific,Electronics,Camera,9,491.48,20,3538.66,Consumer,PayPal,10,9.97,3.6
ORD-101088,2024-06-26,North America,Clothing,Sneakers,9,137.51,0,1237.59,SMB,Google Pay,2,32.04,4.4
ORD-100427,2024-06-26,Asia Pacific,Clothing,Dress,8,52.34,0,418.72,Consumer,Bank Transfer,1,20.75,4.1
ORD-101304,2024-06-26,Europe,Electronics,Laptop,9,1010.22,15,7728.18,Consumer,Bank Transfer,9,24.13,4.1
ORD-100327,2024-06-26,Europe,Home & Kitchen,Vacuum Cleaner,7,283.41,20,1587.1,SMB,Apple Pay,1,49.48,3.7
ORD-101252,2024-06-26,North America,Books,Cookbook,3,24.82,5,70.74,Consumer,PayPal,11,40.8,4.7
ORD-100541,2024-06-27,Asia Pacific,Electronics,Camera,4,1755.45,0,7021.8,Consumer,Google Pay,5,11.12,3.8
ORD-101101,2024-06-27,Europe,Electronics,Smartphone,2,804.0,0,1608.0,Consumer,Google Pay,7,26.52,4.6
ORD-100975,2024-06-28,Asia Pacific,Books,Biography,6,11.22,10,60.59,Consumer,Credit Card,13,19.23,4.1
ORD-101646,2024-06-28,Europe,Books,Children's Book,4,23.06,20,73.79,SMB,PayPal,1,22.6,3.4
ORD-101139,2024-06-29,North America,Books,Fiction,1,34.4,0,34.4,Consumer,Bank Transfer,10,40.54,3.7
ORD-100709,2024-06-29,Middle East,Clothing,Jacket,8,15.76,15,107.17,Consumer,Bank Transfer,6,9.32,4.4
ORD-101854,2024-06-29,Middle East,Sports & Outdoors,Bike,8,461.09,0,3688.72,SMB,Bank Transfer,9,5.98,3.4
ORD-100423,2024-06-29,North America,Books,Fiction,3,11.87,0,35.61,Consumer,PayPal,9,32.68,3.2
ORD-100575,2024-06-30,North America,Books,Children's Book,8,29.39,5,223.36,Consumer,Google Pay,12,30.75,3.2
ORD-101292,2024-06-30,Europe,Sports & Outdoors,Bike,8,113.53,5,862.83,Consumer,Google Pay,8,43.38,4.1
ORD-101758,2024-06-30,Latin America,Sports & Outdoors,Tent,7,39.95,5,265.67,SMB,Apple Pay,10,43.76,4.7
ORD-100445,2024-06-30,Asia Pacific,Electronics,Laptop,1,476.34,5,452.52,SMB,Bank Transfer,11,17.31,4.5
ORD-100849,2024-07-01,Europe,Books,Non-Fiction,7,24.36,15,144.94,SMB,Google Pay,7,30.61,3.9
ORD-100585,2024-07-02,Europe,Books,Fiction,2,16.29,0,32.58,Consumer,PayPal,12,5.31,5.0
ORD-100906,2024-07-02,Latin America,Sports & Outdoors,Bike,8,361.48,0,2891.84,Consumer,Credit Card,11,22.69,4.3
ORD-101394,2024-07-02,Europe,Books,Cookbook,8,8.09,10,58.25,SMB,Bank Transfer,3,32.91,3.8
ORD-100323,2024-07-03,Asia Pacific,Clothing,Hoodie,7,25.91,20,145.1,SMB,Bank Transfer,10,28.63,4.7
ORD-100807,2024-07-04,North America,Sports & Outdoors,Yoga Mat,8,276.03,10,1987.42,Consumer,Google Pay,9,41.08,4.3
ORD-100314,2024-07-04,North America,Clothing,T-Shirt,6,125.41,10,677.21,SMB,Apple Pay,4,31.22,5.0
ORD-100456,2024-07-05,North America,Electronics,Headphones,10,1728.9,15,14695.65,Consumer,Google Pay,7,28.54,3.9
ORD-101313,2024-07-05,Europe,Clothing,Dress,6,131.72,0,790.32,Enterprise,PayPal,7,23.37,4.1
ORD-101301,2024-07-06,Asia Pacific,Electronics,Headphones,8,1435.64,0,11485.12,Consumer,Google Pay,13,31.57,3.6
ORD-100666,2024-07-06,Asia Pacific,Clothing,Dress,10,37.26,20,298.08,Consumer,Bank Transfer,7,12.8,5.0
ORD-100854,2024-07-09,Asia Pacific,Books,Fiction,4,25.73,5,97.77,SMB,Apple Pay,10,10.97,4.7
ORD-101700,2024-07-10,North America,Clothing,Jacket,8,37.75,0,302.0,Consumer,Google Pay,1,44.77,4.2
ORD-101274,2024-07-11,Latin America,Clothing,Jeans,4,96.9,0,387.6,Consumer,Apple Pay,2,35.37,3.9
ORD-100539,2024-07-12,Middle East,Sports & Outdoors,Bike,4,178.12,0,712.48,Consumer,PayPal,3,22.88,3.4
ORD-100583,2024-07-12,Europe,Electronics,Tablet,7,772.85,0,5409.95,SMB,Google Pay,1,44.28,3.9
ORD-100042,2024-07-12,North America,Clothing,T-Shirt,10,31.16,15,264.86,SMB,Credit Card,12,35.21,4.8
ORD-101522,2024-07-12,Europe,Books,Fiction,8,21.2,10,152.64,Consumer,Apple Pay,10,7.79,3.9
ORD-101031,2024-07-13,Asia Pacific,Clothing,T-Shirt,2,144.37,0,288.74,Consumer,PayPal,9,19.78,4.2
ORD-100428,2024-07-13,North America,Home & Kitchen,Blender,3,433.81,15,1106.22,Consumer,PayPal,10,8.73,4.8
ORD-100213,2024-07-13,Europe,Clothing,Dress,10,117.66,5,1117.77,SMB,Apple Pay,13,28.79,3.3
ORD-100645,2024-07-13,North America,Clothing,Hoodie,10,48.82,20,390.56,Consumer,Bank Transfer,4,27.81,4.0
ORD-101956,2024-07-14,North America,Clothing,Sneakers,6,143.9,0,863.4,Consumer,Google Pay,4,41.75,4.1
ORD-101451,2024-07-14,North America,Home & Kitchen,Microwave,3,54.4,5,155.04,SMB,Apple Pay,13,46.62,4.2
ORD-100469,2024-07-14,North America,Books,Fiction,8,20.24,0,161.92,SMB,PayPal,5,15.84,4.8
ORD-101970,2024-07-15,Europe,Home & Kitchen,Air Fryer,7,292.8,0,2049.6,SMB,Bank Transfer,8,24.62,3.4
ORD-100862,2024-07-15,Europe,Electronics,Tablet,3,1166.29,0,3498.87,Consumer,PayPal,2,12.09,4.0
ORD-100697,2024-07-15,Europe,Books,Biography,3,30.57,10,82.54,Consumer,PayPal,11,16.89,3.6
ORD-101521,2024-07-16,Europe,Home & Kitchen,Microwave,2,171.26,0,342.52,Enterprise,Apple Pay,11,32.62,3.8
ORD-100398,2024-07-16,North America,Sports & Outdoors,Bike,1,597.55,20,478.04,Consumer,Google Pay,7,8.1,4.2
ORD-100233,2024-07-17,Middle East,Clothing,Hoodie,1,49.82,10,44.84,Consumer,Bank Transfer,2,20.29,3.7
ORD-101966,2024-07-17,Latin America,Clothing,Dress,3,85.98,20,206.35,SMB,Bank Transfer,2,6.71,4.4
ORD-101120,2024-07-17,Europe,Books,Non-Fiction,1,34.62,20,27.7,Consumer,Google Pay,1,35.35,3.3
ORD-101279,2024-07-17,North America,Electronics,Tablet,9,1430.38,20,10298.74,SMB,Bank Transfer,1,12.28,5.0
ORD-101839,2024-07-18,Europe,Home & Kitchen,Microwave,9,59.56,10,482.44,Consumer,Credit Card,3,5.7,3.6
ORD-101535,2024-07-18,Asia Pacific,Books,Children's Book,8,21.28,15,144.7,Enterprise,Google Pay,6,17.68,4.7
ORD-101148,2024-07-18,Europe,Books,Children's Book,8,29.99,0,239.92,SMB,Credit Card,2,33.73,2.4
ORD-101984,2024-07-18,Asia Pacific,Clothing,Dress,4,74.52,0,298.08,Consumer,Apple Pay,12,5.06,4.2
ORD-100127,2024-07-19,Asia Pacific,Sports & Outdoors,Running Shoes,10,677.79,20,5422.32,SMB,PayPal,10,25.54,5.0
ORD-101643,2024-07-19,Europe,Books,Cookbook,4,14.7,5,55.86,SMB,PayPal,9,6.76,3.5
ORD-101437,2024-07-20,Europe,Electronics,Smartwatch,6,1413.01,0,8478.06,SMB,PayPal,12,28.53,4.8
ORD-100735,2024-07-20,Europe,Clothing,T-Shirt,6,22.33,10,120.58,SMB,Credit Card,1,6.68,3.5
ORD-101788,2024-07-20,North America,Sports & Outdoors,Bike,8,505.84,0,4046.72,SMB,Apple Pay,1,48.15,4.5
ORD-101057,2024-07-21,North America,Clothing,T-Shirt,9,16.2,10,131.22,Consumer,Google Pay,10,25.19,4.0
ORD-100403,2024-07-22,North America,Electronics,Headphones,4,791.81,0,3167.24,Consumer,PayPal,4,6.82,3.4
ORD-101751,2024-07-23,Europe,Books,Cookbook,9,20.77,15,158.89,Consumer,Credit Card,2,26.15,4.7
ORD-100696,2024-07-24,North America,Electronics,Laptop,10,646.0,15,5491.0,Consumer,PayPal,1,22.72,4.4
ORD-100036,2024-07-24,North America,Home & Kitchen,Coffee Maker,2,254.6,0,509.2,Consumer,Bank Transfer,10,22.08,4.5
ORD-100933,2024-07-24,Asia Pacific,Electronics,Tablet,6,716.54,20,3439.39,SMB,PayPal,12,42.7,3.8
ORD-100743,2024-07-24,Asia Pacific,Electronics,Camera,6,1116.58,5,6364.51,Consumer,PayPal,6,11.79,2.9
ORD-101337,2024-07-25,North America,Books,Biography,6,12.54,0,75.24,Consumer,Apple Pay,10,44.2,3.7
ORD-100825,2024-07-25,North America,Sports & Outdoors,Running Shoes,7,20.75,0,145.25,Consumer,Bank Transfer,3,9.62,4.0
ORD-101871,2024-07-25,North America,Books,Non-Fiction,8,13.65,0,109.2,Consumer,Bank Transfer,10,13.0,3.5
ORD-101754,2024-07-26,Asia Pacific,Books,Fiction,4,8.36,5,31.77,Consumer,Bank Transfer,8,25.56,4.2
ORD-101901,2024-07-27,North America,Clothing,Jeans,7,48.37,5,321.66,SMB,Apple Pay,8,47.81,3.8
ORD-101600,2024-07-27,North America,Sports & Outdoors,Dumbbells,10,97.62,5,927.39,Consumer,Apple Pay,4,11.35,4.2
ORD-100869,2024-07-28,Middle East,Books,Cookbook,9,22.64,0,203.76,Consumer,Google Pay,8,39.42,4.6
ORD-100920,2024-07-28,Latin America,Home & Kitchen,Blender,8,378.44,0,3027.52,Consumer,PayPal,6,9.82,4.4
ORD-101200,2024-07-30,Asia Pacific,Books,Biography,7,27.1,15,161.24,SMB,Apple Pay,6,21.25,4.7
ORD-100406,2024-07-30,Asia Pacific,Clothing,Jacket,9,15.91,0,143.19,SMB,PayPal,6,18.97,3.1
ORD-100773,2024-07-30,North America,Electronics,Camera,3,1754.93,5,5001.55,SMB,Bank Transfer,6,49.98,3.4
ORD-100604,2024-07-31,Latin America,Home & Kitchen,Blender,9,451.07,15,3450.69,Consumer,Bank Transfer,2,26.33,4.8
ORD-100122,2024-07-31,Asia Pacific,Electronics,Smartwatch,1,1401.48,0,1401.48,Consumer,Apple Pay,11,40.02,3.3
ORD-100142,2024-07-31,North America,Books,Fiction,9,23.15,0,208.35,Consumer,PayPal,6,35.45,3.2
ORD-101898,2024-07-31,Asia Pacific,Electronics,Smartphone,10,1537.04,0,15370.4,Consumer,Apple Pay,8,38.28,3.5
ORD-100843,2024-07-31,Europe,Home & Kitchen,Vacuum Cleaner,3,197.71,0,593.13,Consumer,Apple Pay,5,34.65,3.6
ORD-100644,2024-08-01,Asia Pacific,Sports & Outdoors,Bike,9,131.68,10,1066.61,Consumer,Bank Transfer,12,19.55,4.4
ORD-101655,2024-08-01,Latin America,Clothing,Dress,6,27.48,0,164.88,Enterprise,Bank Transfer,12,39.6,4.6
ORD-100754,2024-08-01,Europe,Electronics,Camera,1,406.01,0,406.01,Consumer,PayPal,8,9.91,3.9
ORD-100475,2024-08-01,Latin America,Home & Kitchen,Blender,1,202.36,15,172.01,SMB,Credit Card,8,42.27,3.8
ORD-100441,2024-08-02,North America,Electronics,Camera,2,497.14,20,795.42,Consumer,PayPal,4,40.55,4.8
ORD-100912,2024-08-02,North America,Sports & Outdoors,Running Shoes,8,60.73,0,485.84,Enterprise,Credit Card,12,14.02,4.4
ORD-100076,2024-08-03,Asia Pacific,Books,Cookbook,1,18.84,10,16.96,Consumer,Google Pay,7,43.4,2.8
ORD-100958,2024-08-03,North America,Home & Kitchen,Vacuum Cleaner,4,289.91,0,1159.64,Consumer,PayPal,11,48.93,4.3
ORD-100626,2024-08-03,Asia Pacific,Books,Non-Fiction,3,12.34,0,37.02,SMB,PayPal,4,17.47,3.7
ORD-101578,2024-08-04,Latin America,Home & Kitchen,Coffee Maker,9,219.93,0,1979.37,Consumer,PayPal,6,23.61,4.0
ORD-101618,2024-08-04,North America,Sports & Outdoors,Tent,8,457.55,10,3294.36,SMB,PayPal,8,16.81,4.6
ORD-101047,2024-08-04,Europe,Sports & Outdoors,Dumbbells,10,696.67,15,5921.7,SMB,PayPal,1,24.81,3.9
ORD-100833,2024-08-04,North America,Home & Kitchen,Blender,9,140.42,0,1263.78,Consumer,Google Pay,8,17.17,3.2
ORD-101050,2024-08-04,Asia Pacific,Books,Children's Book,9,26.78,20,192.82,Consumer,Credit Card,3,27.55,4.7
ORD-101849,2024-08-05,North America,Clothing,T-Shirt,9,110.53,0,994.77,Enterprise,Apple Pay,6,22.39,3.9
ORD-100879,2024-08-05,Middle East,Clothing,T-Shirt,2,17.92,20,28.67,SMB,Credit Card,2,38.47,4.2
ORD-101141,2024-08-05,Middle East,Books,Children's Book,1,8.21,15,6.98,Consumer,Credit Card,5,41.21,3.8
ORD-101067,2024-08-06,Europe,Electronics,Headphones,10,964.1,10,8676.9,Consumer,Google Pay,3,32.0,5.0
ORD-101697,2024-08-07,Asia Pacific,Home & Kitchen,Blender,8,343.06,10,2470.03,Consumer,Credit Card,10,10.88,3.9
ORD-100777,2024-08-07,North America,Home & Kitchen,Blender,1,31.35,0,31.35,Enterprise,Google Pay,9,14.07,4.5
ORD-101821,2024-08-08,North America,Electronics,Headphones,7,613.68,15,3651.4,SMB,Apple Pay,6,33.55,4.3
ORD-101080,2024-08-09,Europe,Home & Kitchen,Vacuum Cleaner,6,106.39,5,606.42,Consumer,Google Pay,11,33.16,3.8
ORD-101029,2024-08-09,Middle East,Sports & Outdoors,Dumbbells,1,348.74,15,296.43,Consumer,Apple Pay,2,48.58,3.6
ORD-100571,2024-08-10,North America,Sports & Outdoors,Bike,7,109.91,0,769.37,Consumer,Google Pay,9,16.0,4.3
ORD-100886,2024-08-10,Asia Pacific,Electronics,Smartphone,2,212.91,0,425.82,Consumer,Google Pay,9,46.38,4.8
ORD-101332,2024-08-10,Europe,Books,Children's Book,6,27.87,0,167.22,Enterprise,Credit Card,8,6.82,3.7
ORD-101074,2024-08-10,Europe,Clothing,T-Shirt,4,30.23,0,120.92,Consumer,PayPal,10,46.15,4.7
ORD-100307,2024-08-10,Latin America,Home & Kitchen,Coffee Maker,7,434.62,15,2585.99,SMB,Google Pay,13,46.93,5.0
ORD-100775,2024-08-11,North America,Sports & Outdoors,Bike,7,102.37,20,573.27,Consumer,PayPal,1,16.55,5.0
ORD-101017,2024-08-11,Asia Pacific,Sports & Outdoors,Running Shoes,9,740.47,0,6664.23,Consumer,Bank Transfer,9,45.02,3.2
ORD-101418,2024-08-12,Latin America,Sports & Outdoors,Yoga Mat,2,326.11,5,619.61,Consumer,Google Pay,12,39.51,3.7
ORD-101746,2024-08-12,North America,Sports & Outdoors,Bike,6,97.46,10,526.28,SMB,Apple Pay,2,40.18,3.9
ORD-100391,2024-08-13,Europe,Electronics,Smartphone,2,860.04,0,1720.08,SMB,Google Pay,4,20.31,4.2
ORD-101121,2024-08-13,Latin America,Sports & Outdoors,Bike,6,429.56,0,2577.36,Consumer,Credit Card,9,11.57,3.5
ORD-101227,2024-08-13,Europe,Books,Children's Book,3,29.33,0,87.99,SMB,Google Pay,7,22.82,4.2
ORD-101519,2024-08-14,Asia Pacific,Home & Kitchen,Blender,9,388.74,0,3498.66,Consumer,PayPal,8,28.13,4.4
ORD-101919,2024-08-14,North America,Books,Biography,4,18.92,15,64.33,Consumer,Google Pay,12,19.09,5.0
ORD-101921,2024-08-15,Europe,Home & Kitchen,Vacuum Cleaner,10,448.9,10,4040.1,SMB,Bank Transfer,3,7.28,4.5
ORD-100660,2024-08-15,Europe,Home & Kitchen,Air Fryer,7,318.85,20,1785.56,SMB,Credit Card,2,18.66,4.6
ORD-100120,2024-08-16,Latin America,Sports & Outdoors,Tent,6,534.8,0,3208.8,Consumer,PayPal,6,30.28,4.8
ORD-101831,2024-08-16,Europe,Sports & Outdoors,Bike,7,41.15,5,273.65,Consumer,Google Pay,7,30.39,3.2
ORD-101477,2024-08-16,Asia Pacific,Sports & Outdoors,Yoga Mat,1,159.26,10,143.33,SMB,Credit Card,5,26.16,3.8
ORD-101924,2024-08-17,Latin America,Clothing,Jeans,7,88.7,0,620.9,Consumer,Bank Transfer,2,27.07,4.2
ORD-101259,2024-08-17,Asia Pacific,Sports & Outdoors,Yoga Mat,7,789.57,20,4421.59,SMB,PayPal,11,28.37,4.6
ORD-101949,2024-08-17,North America,Home & Kitchen,Microwave,1,202.77,0,202.77,SMB,Google Pay,5,33.38,4.8
ORD-101909,2024-08-17,Middle East,Sports & Outdoors,Yoga Mat,1,657.62,15,558.98,Enterprise,Credit Card,1,17.29,4.6
ORD-101938,2024-08-17,Asia Pacific,Books,Cookbook,7,22.53,0,157.71,SMB,Bank Transfer,4,7.77,3.8
ORD-101841,2024-08-18,North America,Sports & Outdoors,Dumbbells,3,219.01,20,525.62,Consumer,Apple Pay,6,44.8,4.2
ORD-100009,2024-08-19,Asia Pacific,Clothing,Dress,6,90.2,15,460.02,Consumer,Bank Transfer,11,6.02,3.9
ORD-101568,2024-08-19,North America,Electronics,Tablet,4,365.03,10,1314.11,Consumer,Credit Card,7,15.84,3.2
ORD-101225,2024-08-20,Latin America,Books,Non-Fiction,2,34.9,0,69.8,Enterprise,Google Pay,6,22.15,3.6
ORD-101517,2024-08-20,North America,Sports & Outdoors,Tent,6,740.85,0,4445.1,Enterprise,Bank Transfer,2,7.73,4.1
ORD-100450,2024-08-22,Asia Pacific,Home & Kitchen,Coffee Maker,4,352.23,20,1127.14,Consumer,Credit Card,12,34.37,4.9
ORD-100557,2024-08-22,Latin America,Home & Kitchen,Coffee Maker,7,238.29,10,1501.23,Consumer,Google Pay,3,21.38,4.4
ORD-101981,2024-08-22,North America,Sports & Outdoors,Dumbbells,1,555.41,20,444.33,SMB,Google Pay,3,21.08,5.0
ORD-100520,2024-08-23,Europe,Electronics,Camera,3,1823.52,15,4649.98,Consumer,Google Pay,11,15.63,3.6
ORD-100050,2024-08-24,Asia Pacific,Sports & Outdoors,Dumbbells,1,644.75,20,515.8,SMB,Google Pay,6,14.08,5.0
ORD-101061,2024-08-25,North America,Home & Kitchen,Air Fryer,3,199.43,0,598.29,Consumer,Apple Pay,5,18.84,4.9
ORD-101269,2024-08-26,Europe,Clothing,Jeans,7,141.32,0,989.24,Consumer,Credit Card,10,8.22,3.6
ORD-101024,2024-08-26,Latin America,Clothing,Hoodie,8,116.34,10,837.65,Enterprise,Bank Transfer,2,21.35,3.6
ORD-100589,2024-08-27,Latin America,Books,Cookbook,10,24.22,5,230.09,SMB,Bank Transfer,12,33.58,4.1
ORD-101173,2024-08-27,Europe,Books,Non-Fiction,4,11.78,0,47.12,Consumer,Apple Pay,3,26.64,2.5
ORD-100836,2024-08-27,North America,Sports & Outdoors,Tent,9,246.85,20,1777.32,Consumer,Google Pay,6,25.27,5.0
ORD-100389,2024-08-27,North America,Electronics,Smartwatch,1,383.21,0,383.21,Consumer,Google Pay,6,41.06,4.2
ORD-100250,2024-08-27,Europe,Books,Cookbook,10,33.07,0,330.7,Consumer,Bank Transfer,1,42.99,4.3
ORD-100695,2024-08-28,Europe,Books,Fiction,9,28.17,0,253.53,Consumer,Bank Transfer,11,44.49,4.7
ORD-101092,2024-08-28,North America,Books,Children's Book,4,14.61,15,49.67,Consumer,Bank Transfer,8,20.41,3.2
ORD-100720,2024-08-29,North America,Home & Kitchen,Blender,3,146.05,0,438.15,Consumer,Google Pay,9,12.05,3.4
ORD-101218,2024-08-29,Europe,Books,Children's Book,8,23.27,0,186.16,Consumer,PayPal,7,5.98,4.6
ORD-101158,2024-08-29,North America,Electronics,Tablet,10,304.45,20,2435.6,SMB,Bank Transfer,13,34.55,4.1
ORD-101928,2024-08-29,North America,Books,Children's Book,3,30.46,10,82.24,SMB,Google Pay,5,26.8,4.5
ORD-101051,2024-08-30,Europe,Clothing,Jeans,8,145.92,5,1108.99,SMB,Apple Pay,9,32.83,4.1
ORD-101972,2024-08-30,Latin America,Books,Cookbook,1,25.79,0,25.79,Enterprise,PayPal,1,46.36,5.0
ORD-100870,2024-08-30,Asia Pacific,Books,Biography,1,24.06,10,21.65,Consumer,Apple Pay,10,9.34,4.2
ORD-100992,2024-08-31,North America,Electronics,Smartphone,9,1895.42,10,15352.9,Enterprise,Credit Card,7,47.85,4.1
ORD-100263,2024-08-31,North America,Clothing,Jacket,7,49.36,0,345.52,Consumer,PayPal,9,20.54,3.9
ORD-101882,2024-08-31,Europe,Home & Kitchen,Vacuum Cleaner,6,65.78,0,394.68,Consumer,Google Pay,3,33.53,3.8
ORD-101488,2024-09-01,Asia Pacific,Books,Children's Book,3,12.91,0,38.73,Consumer,Credit Card,9,19.22,3.6
ORD-101575,2024-09-02,Europe,Sports & Outdoors,Dumbbells,3,210.13,5,598.87,SMB,Credit Card,13,25.33,4.2
ORD-101109,2024-09-02,North America,Home & Kitchen,Blender,7,285.06,5,1895.65,Consumer,PayPal,13,41.05,4.1
ORD-101664,2024-09-02,North America,Clothing,Hoodie,5,125.34,20,501.36,Consumer,Bank Transfer,6,19.35,3.6
ORD-100988,2024-09-03,North America,Electronics,Smartphone,8,1897.66,20,12145.02,Consumer,Google Pay,1,34.51,4.7
ORD-100470,2024-09-04,North America,Clothing,Dress,2,81.87,15,139.18,SMB,Credit Card,13,46.84,4.4
ORD-100365,2024-09-04,Europe,Home & Kitchen,Vacuum Cleaner,1,338.53,5,321.6,Consumer,Apple Pay,9,17.28,4.2
ORD-100569,2024-09-04,North America,Electronics,Headphones,7,445.89,15,2653.05,SMB,Credit Card,11,8.9,4.3
ORD-100047,2024-09-04,Latin America,Books,Biography,4,10.99,20,35.17,Consumer,Apple Pay,11,49.96,4.8
ORD-100407,2024-09-04,Europe,Books,Children's Book,5,19.86,5,94.34,Consumer,PayPal,8,42.2,3.9
ORD-100163,2024-09-04,North America,Home & Kitchen,Coffee Maker,7,469.86,15,2795.67,Consumer,Credit Card,11,29.07,4.6
ORD-101761,2024-09-04,Middle East,Clothing,Jacket,9,38.16,0,343.44,Consumer,PayPal,6,18.7,4.1
ORD-101819,2024-09-05,Europe,Books,Fiction,3,24.02,20,57.65,Enterprise,Google Pay,3,46.76,4.6
ORD-101013,2024-09-05,Europe,Home & Kitchen,Air Fryer,3,436.39,5,1243.71,Consumer,Google Pay,9,26.54,5.0
ORD-100018,2024-09-05,Asia Pacific,Clothing,Jeans,1,105.75,0,105.75,SMB,PayPal,5,46.22,4.1
ORD-101843,2024-09-05,Middle East,Books,Biography,4,10.71,10,38.56,Consumer,PayPal,1,23.63,4.9
ORD-100159,2024-09-06,Asia Pacific,Electronics,Laptop,5,1136.82,5,5399.9,Consumer,Apple Pay,9,32.84,4.1
ORD-100980,2024-09-07,Latin America,Books,Biography,2,8.63,0,17.26,SMB,Credit Card,10,28.65,3.6
ORD-100837,2024-09-07,North America,Clothing,Dress,9,32.61,0,293.49,SMB,Bank Transfer,2,37.01,2.6
ORD-101889,2024-09-08,Asia Pacific,Clothing,T-Shirt,3,69.55,20,166.92,Consumer,Credit Card,4,32.51,5.0
ORD-100419,2024-09-08,North America,Sports & Outdoors,Yoga Mat,9,259.5,5,2218.72,Consumer,Credit Card,11,38.54,4.1
ORD-100649,2024-09-08,Asia Pacific,Electronics,Camera,7,1659.01,0,11613.07,Consumer,Google Pay,5,38.85,3.2
ORD-101830,2024-09-08,North America,Clothing,Sneakers,6,19.7,15,100.47,SMB,Credit Card,5,14.72,4.5
ORD-100014,2024-09-10,Europe,Books,Fiction,6,25.55,10,137.97,Consumer,Credit Card,3,11.5,5.0
ORD-100198,2024-09-10,Asia Pacific,Clothing,Sneakers,5,93.66,20,374.64,Enterprise,PayPal,11,35.51,5.0
ORD-101911,2024-09-10,Europe,Books,Biography,8,26.25,5,199.5,Consumer,PayPal,7,17.13,4.2
ORD-100234,2024-09-11,North America,Electronics,Tablet,5,1556.79,0,7783.95,SMB,PayPal,5,25.09,4.1
ORD-100872,2024-09-11,Asia Pacific,Clothing,Hoodie,9,127.39,10,1031.86,Consumer,Apple Pay,6,9.03,4.3
ORD-100031,2024-09-11,North America,Sports & Outdoors,Running Shoes,2,149.11,0,298.22,Consumer,Bank Transfer,1,12.86,3.8
ORD-101894,2024-09-11,Middle East,Sports & Outdoors,Running Shoes,5,305.3,20,1221.2,SMB,Credit Card,13,13.97,3.7
ORD-100268,2024-09-11,North America,Home & Kitchen,Vacuum Cleaner,1,447.37,10,402.63,Consumer,Apple Pay,3,32.47,4.9
ORD-101691,2024-09-13,North America,Books,Non-Fiction,1,26.82,0,26.82,Consumer,Google Pay,11,31.97,3.8
ORD-101654,2024-09-13,North America,Clothing,Jeans,6,141.01,20,676.85,Consumer,Apple Pay,1,46.62,4.8
ORD-100270,2024-09-14,North America,Books,Non-Fiction,5,21.12,20,84.48,Consumer,Bank Transfer,4,45.42,4.5
ORD-101190,2024-09-14,North America,Books,Cookbook,7,17.78,20,99.57,SMB,Credit Card,12,28.33,3.7
ORD-101785,2024-09-14,Asia Pacific,Home & Kitchen,Vacuum Cleaner,8,142.42,10,1025.42,Consumer,Bank Transfer,6,39.81,4.0
ORD-101454,2024-09-14,Asia Pacific,Clothing,Dress,4,40.34,0,161.36,SMB,Bank Transfer,5,39.37,3.2
ORD-101216,2024-09-15,Europe,Books,Fiction,7,27.15,5,180.55,Consumer,Google Pay,7,14.85,4.6
ORD-101787,2024-09-15,Asia Pacific,Books,Biography,4,11.56,15,39.3,SMB,PayPal,4,6.75,4.3
ORD-100563,2024-09-16,Asia Pacific,Sports & Outdoors,Yoga Mat,7,393.79,15,2343.05,Consumer,Credit Card,3,25.82,3.9
ORD-101607,2024-09-16,North America,Clothing,Sneakers,5,29.94,0,149.7,Consumer,PayPal,3,15.95,4.7
ORD-100465,2024-09-16,North America,Electronics,Smartwatch,9,692.93,0,6236.37,Consumer,Apple Pay,3,11.45,3.3
ORD-101414,2024-09-17,Europe,Electronics,Headphones,2,1463.56,5,2780.76,Consumer,Apple Pay,5,11.31,3.6
ORD-100710,2024-09-17,Asia Pacific,Home & Kitchen,Air Fryer,5,232.97,0,1164.85,Consumer,Bank Transfer,5,11.04,4.1
ORD-100429,2024-09-17,North America,Clothing,T-Shirt,7,71.3,20,399.28,Consumer,Google Pay,12,35.58,4.5
ORD-100476,2024-09-17,Asia Pacific,Sports & Outdoors,Yoga Mat,3,763.67,0,2291.01,Enterprise,PayPal,10,31.38,3.4
ORD-101967,2024-09-19,Asia Pacific,Books,Children's Book,1,34.78,0,34.78,Consumer,Bank Transfer,2,47.0,4.9
ORD-101053,2024-09-19,Asia Pacific,Books,Cookbook,8,31.38,0,251.04,Consumer,Credit Card,4,6.42,4.2
ORD-101015,2024-09-19,Europe,Sports & Outdoors,Dumbbells,2,554.13,0,1108.26,SMB,PayPal,5,49.09,4.5
ORD-101045,2024-09-19,North America,Electronics,Smartphone,2,1822.65,15,3098.5,Enterprise,Apple Pay,4,41.61,4.1
ORD-101445,2024-09-19,Europe,Sports & Outdoors,Bike,4,293.7,20,939.84,Consumer,Credit Card,7,21.52,4.1
ORD-101306,2024-09-20,Europe,Books,Children's Book,1,33.77,5,32.08,Consumer,PayPal,13,15.82,3.0
ORD-101359,2024-09-21,North America,Clothing,Sneakers,7,24.18,0,169.26,SMB,Bank Transfer,8,39.36,3.6
ORD-101764,2024-09-21,North America,Clothing,Jacket,8,78.97,10,568.58,SMB,Credit Card,10,7.5,4.2
ORD-100809,2024-09-21,Latin America,Books,Non-Fiction,1,12.17,0,12.17,Consumer,Google Pay,8,21.2,3.0
ORD-100748,2024-09-21,Latin America,Books,Children's Book,3,13.52,0,40.56,Consumer,PayPal,7,44.24,4.5
ORD-101658,2024-09-22,Latin America,Books,Cookbook,9,16.97,0,152.73,Consumer,Bank Transfer,2,43.14,4.4
ORD-100976,2024-09-22,Latin America,Electronics,Smartphone,3,568.5,5,1620.22,SMB,Bank Transfer,10,6.64,3.3
ORD-101706,2024-09-22,Asia Pacific,Home & Kitchen,Air Fryer,9,478.0,15,3656.7,Enterprise,Apple Pay,10,7.92,4.9
ORD-101241,2024-09-23,Europe,Clothing,Dress,6,84.46,0,506.76,SMB,Bank Transfer,9,23.95,3.8
ORD-101635,2024-09-23,Europe,Home & Kitchen,Air Fryer,9,428.65,5,3664.96,Consumer,Bank Transfer,10,43.34,4.0
ORD-100590,2024-09-24,North America,Books,Biography,4,16.7,15,56.78,Consumer,Bank Transfer,1,28.62,3.8
ORD-101715,2024-09-25,Europe,Sports & Outdoors,Dumbbells,4,657.59,0,2630.36,SMB,Bank Transfer,6,32.49,4.2
ORD-100037,2024-09-25,Latin America,Electronics,Smartwatch,8,734.38,20,4700.03,Consumer,Apple Pay,5,43.19,4.7
ORD-100805,2024-09-26,North America,Home & Kitchen,Coffee Maker,8,132.19,20,846.02,Consumer,Bank Transfer,7,28.29,3.7
ORD-101704,2024-09-26,Asia Pacific,Books,Children's Book,3,16.14,10,43.58,Enterprise,Credit Card,9,44.77,4.2
ORD-101783,2024-09-26,Latin America,Sports & Outdoors,Dumbbells,8,482.69,15,3282.29,Consumer,Bank Transfer,2,9.42,5.0
ORD-100015,2024-09-27,Latin America,Books,Fiction,8,23.87,0,190.96,Consumer,Bank Transfer,5,6.03,4.4
ORD-100550,2024-09-27,Asia Pacific,Home & Kitchen,Coffee Maker,3,242.95,0,728.85,Consumer,Google Pay,6,43.45,2.5
ORD-100395,2024-09-28,Latin America,Home & Kitchen,Vacuum Cleaner,4,93.47,5,355.19,Consumer,Google Pay,12,27.83,4.4
ORD-101917,2024-09-28,Europe,Home & Kitchen,Microwave,4,265.4,0,1061.6,SMB,Credit Card,5,32.97,3.9
ORD-101290,2024-09-29,Europe,Electronics,Tablet,9,667.85,0,6010.65,SMB,Google Pay,7,43.12,3.4
ORD-100762,2024-09-29,Europe,Sports & Outdoors,Tent,2,681.35,0,1362.7,Consumer,Credit Card,4,46.17,3.0
ORD-101083,2024-09-30,Asia Pacific,Home & Kitchen,Coffee Maker,9,418.11,20,3010.39,SMB,PayPal,6,40.67,4.0
ORD-101624,2024-10-01,Europe,Books,Children's Book,8,18.04,0,144.32,Consumer,Bank Transfer,1,32.49,2.7
ORD-100321,2024-10-01,Asia Pacific,Clothing,Jacket,1,39.51,5,37.53,Consumer,Google Pay,2,12.87,4.4
ORD-101004,2024-10-02,Asia Pacific,Books,Non-Fiction,6,29.58,5,168.61,Consumer,Apple Pay,12,18.5,4.6
ORD-101343,2024-10-03,North America,Home & Kitchen,Vacuum Cleaner,3,429.16,0,1287.48,Consumer,Apple Pay,1,6.15,4.2
ORD-101318,2024-10-03,Asia Pacific,Home & Kitchen,Coffee Maker,3,367.26,0,1101.78,Consumer,Apple Pay,8,42.16,2.6
ORD-101171,2024-10-03,North America,Sports & Outdoors,Yoga Mat,4,573.4,15,1949.56,Consumer,Bank Transfer,4,49.37,4.1
ORD-101974,2024-10-04,Asia Pacific,Clothing,Dress,7,16.85,0,117.95,Consumer,Apple Pay,7,42.08,3.7
ORD-100067,2024-10-04,Europe,Home & Kitchen,Air Fryer,7,391.25,15,2327.94,Enterprise,PayPal,8,20.33,3.7
ORD-100069,2024-10-05,North America,Home & Kitchen,Coffee Maker,7,465.91,5,3098.3,Consumer,Bank Transfer,1,36.64,4.3
ORD-100839,2024-10-05,Asia Pacific,Home & Kitchen,Vacuum Cleaner,2,312.42,5,593.6,Enterprise,Google Pay,8,38.49,4.4
ORD-101475,2024-10-05,Europe,Electronics,Camera,5,830.68,0,4153.4,Consumer,PayPal,13,35.57,5.0
ORD-101666,2024-10-06,North America,Books,Cookbook,9,32.31,0,290.79,Consumer,Apple Pay,3,29.24,4.4
ORD-100576,2024-10-06,North America,Sports & Outdoors,Tent,2,552.34,5,1049.45,Consumer,PayPal,12,19.58,4.0
ORD-101258,2024-10-07,North America,Books,Biography,3,21.71,10,58.62,Consumer,Apple Pay,6,6.56,4.9
ORD-100719,2024-10-07,Europe,Home & Kitchen,Blender,9,145.14,0,1306.26,Consumer,Credit Card,4,37.63,3.9
ORD-101683,2024-10-07,Europe,Electronics,Headphones,6,743.86,5,4240.0,Consumer,Google Pay,6,44.88,4.2
ORD-101022,2024-10-07,North America,Clothing,T-Shirt,4,32.36,5,122.97,Consumer,Credit Card,7,40.41,3.4
ORD-101539,2024-10-07,North America,Books,Fiction,4,19.21,0,76.84,Consumer,Bank Transfer,2,29.47,3.4
ORD-100586,2024-10-08,North America,Sports & Outdoors,Dumbbells,7,297.18,10,1872.23,Consumer,Bank Transfer,13,32.69,4.8
ORD-100058,2024-10-08,Europe,Clothing,Jeans,4,99.51,5,378.14,SMB,PayPal,2,27.66,4.2
ORD-100956,2024-10-09,North America,Home & Kitchen,Vacuum Cleaner,4,314.27,10,1131.37,Consumer,Bank Transfer,12,28.08,4.0
ORD-100417,2024-10-09,Latin America,Home & Kitchen,Blender,9,405.58,5,3467.71,SMB,Bank Transfer,7,27.68,4.8
ORD-100381,2024-10-10,Europe,Books,Children's Book,2,20.76,20,33.22,Consumer,Google Pay,7,41.18,4.6
ORD-101847,2024-10-10,Europe,Clothing,T-Shirt,6,81.69,5,465.63,SMB,Google Pay,8,13.09,3.6
ORD-101127,2024-10-10,Asia Pacific,Clothing,Dress,7,86.46,0,605.22,Consumer,Google Pay,3,27.81,4.2
ORD-100554,2024-10-11,Europe,Electronics,Tablet,5,1177.52,15,5004.46,Consumer,PayPal,10,16.67,3.6
ORD-100553,2024-10-11,Europe,Clothing,Jeans,4,97.61,20,312.35,Consumer,Google Pay,5,27.8,4.8
ORD-100804,2024-10-11,North America,Sports & Outdoors,Running Shoes,4,573.2,5,2178.16,Consumer,Bank Transfer,3,14.68,4.6
ORD-101532,2024-10-11,Europe,Electronics,Laptop,2,1695.46,0,3390.92,Consumer,Credit Card,11,30.48,2.9
ORD-101065,2024-10-11,Asia Pacific,Electronics,Smartphone,2,1395.12,10,2511.22,Consumer,PayPal,11,6.37,4.7
ORD-101763,2024-10-12,Asia Pacific,Electronics,Camera,3,1561.56,10,4216.21,SMB,PayPal,4,34.73,3.2
ORD-100077,2024-10-12,North America,Sports & Outdoors,Dumbbells,5,480.45,0,2402.25,SMB,Google Pay,3,20.39,4.3
ORD-100248,2024-10-12,North America,Electronics,Laptop,9,676.23,0,6086.07,Consumer,Credit Card,11,17.57,3.8
ORD-100911,2024-10-12,North America,Sports & Outdoors,Dumbbells,7,754.81,0,5283.67,SMB,PayPal,1,21.99,4.8
ORD-101577,2024-10-12,North America,Clothing,Sneakers,6,82.3,0,493.8,Consumer,Apple Pay,2,9.72,3.8
ORD-101942,2024-10-13,Middle East,Clothing,Dress,3,99.0,0,297.0,SMB,Apple Pay,10,28.93,3.1
ORD-100746,2024-10-13,North America,Home & Kitchen,Air Fryer,9,268.74,15,2055.86,SMB,Bank Transfer,6,44.11,4.2
ORD-100600,2024-10-13,North America,Electronics,Tablet,6,1556.06,0,9336.36,Enterprise,Google Pay,11,7.42,4.6
ORD-100245,2024-10-13,Europe,Clothing,Jacket,1,63.78,15,54.21,Consumer,Credit Card,12,6.75,3.6
ORD-100844,2024-10-14,Asia Pacific,Clothing,Jacket,3,89.77,0,269.31,Enterprise,Bank Transfer,6,36.72,4.1
ORD-100278,2024-10-14,North America,Clothing,Jeans,5,59.13,10,266.09,Consumer,PayPal,11,32.1,4.5
ORD-101537,2024-10-15,Europe,Sports & Outdoors,Tent,5,613.56,0,3067.8,Consumer,Apple Pay,3,22.17,4.3
ORD-101879,2024-10-16,North America,Books,Biography,1,14.14,5,13.43,Consumer,Google Pay,9,49.81,4.6
ORD-100587,2024-10-16,North America,Home & Kitchen,Blender,3,341.58,15,871.03,Consumer,Apple Pay,6,34.29,4.1
ORD-101420,2024-10-16,Latin America,Clothing,Jeans,4,67.28,10,242.21,SMB,Credit Card,13,23.75,4.5
ORD-101805,2024-10-17,Asia Pacific,Sports & Outdoors,Dumbbells,3,234.98,20,563.95,Consumer,Apple Pay,8,14.68,3.8
ORD-101779,2024-10-17,Asia Pacific,Electronics,Laptop,9,412.78,0,3715.02,Consumer,PayPal,7,13.73,3.6
ORD-101890,2024-10-18,Latin America,Home & Kitchen,Vacuum Cleaner,2,357.23,10,643.01,SMB,Google Pay,13,46.69,4.5
ORD-100200,2024-10-18,Europe,Books,Biography,5,34.64,0,173.2,SMB,Credit Card,7,22.23,4.2
ORD-101920,2024-10-19,Europe,Sports & Outdoors,Dumbbells,5,267.95,10,1205.78,Consumer,Credit Card,1,21.61,4.4
ORD-101544,2024-10-20,Asia Pacific,Books,Cookbook,4,25.78,0,103.12,Consumer,Google Pay,7,6.55,4.6
ORD-100834,2024-10-21,North America,Electronics,Camera,6,1222.74,0,7336.44,Enterprise,PayPal,10,28.91,4.9
ORD-100677,2024-10-21,Latin America,Books,Non-Fiction,8,28.15,15,191.42,Consumer,Google Pay,7,6.69,5.0
ORD-101997,2024-10-21,North America,Books,Fiction,4,9.23,15,31.38,Consumer,Credit Card,12,31.21,4.2
ORD-101157,2024-10-22,Europe,Clothing,T-Shirt,9,27.83,10,225.42,Consumer,Credit Card,7,27.53,4.5
ORD-101187,2024-10-22,North America,Clothing,Jeans,4,59.03,20,188.9,Consumer,Apple Pay,13,25.27,4.7
ORD-101782,2024-10-23,North America,Sports & Outdoors,Tent,5,50.72,20,202.88,Consumer,Google Pay,4,19.68,5.0
ORD-101557,2024-10-23,Europe,Sports & Outdoors,Dumbbells,7,284.35,0,1990.45,SMB,Apple Pay,6,40.18,3.6
ORD-100941,2024-10-23,North America,Clothing,Jeans,2,118.13,10,212.63,SMB,Apple Pay,3,47.63,4.1
ORD-100926,2024-10-24,Latin America,Home & Kitchen,Blender,7,339.78,0,2378.46,Consumer,Bank Transfer,12,34.51,3.8
ORD-100104,2024-10-24,North America,Home & Kitchen,Vacuum Cleaner,2,106.55,0,213.1,Enterprise,Apple Pay,3,38.91,3.4
ORD-100998,2024-10-24,Europe,Electronics,Camera,1,1599.74,15,1359.78,SMB,Credit Card,4,15.81,4.6
ORD-101953,2024-10-24,Asia Pacific,Electronics,Smartwatch,4,1353.6,0,5414.4,Consumer,Google Pay,11,18.26,3.7
ORD-101447,2024-10-24,North America,Sports & Outdoors,Yoga Mat,8,478.5,0,3828.0,Consumer,Apple Pay,4,36.07,3.9
ORD-100573,2024-10-25,Latin America,Sports & Outdoors,Tent,4,490.08,0,1960.32,SMB,Google Pay,2,22.72,5.0
ORD-100190,2024-10-25,Asia Pacific,Sports & Outdoors,Running Shoes,1,182.24,20,145.79,Consumer,Bank Transfer,5,21.72,4.3
ORD-100537,2024-10-26,Europe,Sports & Outdoors,Yoga Mat,9,660.67,0,5946.03,Consumer,Apple Pay,9,43.24,4.2
ORD-101740,2024-10-26,Latin America,Books,Children's Book,8,10.65,0,85.2,Consumer,Bank Transfer,9,15.47,4.7
ORD-100533,2024-10-27,Europe,Electronics,Laptop,7,1981.39,5,13176.24,Consumer,Apple Pay,13,37.66,4.1
ORD-100878,2024-10-27,Asia Pacific,Sports & Outdoors,Tent,5,734.78,0,3673.9,Consumer,Bank Transfer,6,5.88,3.7
ORD-100182,2024-10-27,North America,Electronics,Laptop,4,745.34,20,2385.09,SMB,PayPal,5,33.93,4.0
ORD-101233,2024-10-27,Asia Pacific,Sports & Outdoors,Yoga Mat,8,500.91,15,3406.19,Consumer,Google Pay,2,40.2,4.1
ORD-101663,2024-10-28,Asia Pacific,Books,Biography,7,22.68,15,134.95,Consumer,Google Pay,9,15.23,4.1
ORD-100638,2024-10-28,Latin America,Books,Non-Fiction,1,30.41,5,28.89,Consumer,PayPal,5,41.84,4.1
ORD-100783,2024-10-28,North America,Books,Cookbook,6,19.75,10,106.65,Consumer,Google Pay,12,25.58,3.8
ORD-101848,2024-10-29,North America,Clothing,T-Shirt,7,84.41,0,590.87,SMB,PayPal,11,17.44,4.4
ORD-101570,2024-10-29,Asia Pacific,Sports & Outdoors,Bike,9,180.46,20,1299.31,SMB,Apple Pay,5,14.97,4.4
ORD-101172,2024-10-29,Asia Pacific,Clothing,Hoodie,6,144.46,10,780.08,Consumer,Google Pay,6,20.6,5.0
ORD-100410,2024-10-30,Europe,Electronics,Headphones,8,1490.7,15,10136.76,SMB,Apple Pay,13,5.03,4.4
ORD-101523,2024-10-30,North America,Home & Kitchen,Blender,6,419.57,15,2139.81,Consumer,Google Pay,9,14.74,4.0
ORD-100334,2024-10-31,Europe,Clothing,Hoodie,3,23.67,0,71.01,Consumer,Apple Pay,5,19.44,3.7
ORD-101918,2024-10-31,Europe,Electronics,Smartphone,4,1684.6,10,6064.56,Consumer,Google Pay,9,45.17,4.6
ORD-100356,2024-11-01,Europe,Home & Kitchen,Blender,4,493.12,0,1972.48,Consumer,Apple Pay,8,22.09,4.6
ORD-101648,2024-11-01,Latin America,Home & Kitchen,Coffee Maker,7,419.21,15,2494.3,SMB,Apple Pay,1,47.16,4.5
ORD-100897,2024-11-02,Asia Pacific,Books,Children's Book,9,16.83,10,136.32,Consumer,Bank Transfer,1,19.27,4.1
ORD-100667,2024-11-02,North America,Books,Cookbook,12,19.36,0,232.32,Consumer,Google Pay,11,29.55,4.1
ORD-101278,2024-11-02,Europe,Sports & Outdoors,Running Shoes,4,426.38,15,1449.69,Consumer,Google Pay,1,44.15,3.7
ORD-100291,2024-11-02,North America,Home & Kitchen,Air Fryer,13,140.37,0,1824.81,SMB,Google Pay,5,41.12,3.9
ORD-101818,2024-11-03,North America,Books,Biography,1,32.18,20,25.74,SMB,Bank Transfer,2,20.82,3.5
ORD-101096,2024-11-04,Europe,Books,Fiction,12,19.36,15,197.47,Consumer,Bank Transfer,12,42.63,4.0
ORD-101867,2024-11-04,Europe,Sports & Outdoors,Running Shoes,12,514.32,0,6171.84,Enterprise,PayPal,1,14.76,4.8
ORD-100778,2024-11-04,Europe,Books,Biography,10,9.63,10,86.67,SMB,Google Pay,7,36.61,4.3
ORD-100730,2024-11-05,Europe,Electronics,Headphones,6,1000.38,20,4801.82,Consumer,PayPal,9,26.85,4.4
ORD-101902,2024-11-05,Europe,Home & Kitchen,Vacuum Cleaner,9,30.02,10,243.16,Consumer,Apple Pay,7,34.82,4.2
ORD-100840,2024-11-05,Europe,Sports & Outdoors,Running Shoes,13,170.6,0,2217.8,Consumer,Credit Card,6,46.93,4.2
ORD-100703,2024-11-06,Middle East,Sports & Outdoors,Tent,7,104.42,10,657.85,Enterprise,Google Pay,8,31.13,4.2
ORD-101926,2024-11-06,Asia Pacific,Sports & Outdoors,Tent,7,530.45,5,3527.49,Consumer,Bank Transfer,6,37.42,4.1
ORD-100414,2024-11-06,Europe,Sports & Outdoors,Running Shoes,7,58.0,20,324.8,Consumer,Credit Card,4,15.27,5.0
ORD-101569,2024-11-07,Europe,Sports & Outdoors,Tent,1,255.04,10,229.54,Consumer,Google Pay,7,35.48,4.4
ORD-100789,2024-11-07,North America,Electronics,Laptop,1,963.13,0,963.13,Consumer,Credit Card,10,41.28,3.0
ORD-100816,2024-11-08,North America,Electronics,Camera,9,1490.47,0,13414.23,Consumer,Bank Transfer,4,21.06,2.9
ORD-100716,2024-11-09,Asia Pacific,Electronics,Headphones,7,555.98,5,3697.27,Consumer,Google Pay,4,10.82,3.3
ORD-101651,2024-11-09,Europe,Home & Kitchen,Air Fryer,7,481.26,15,2863.5,SMB,Bank Transfer,10,27.34,4.9
ORD-100927,2024-11-10,North America,Clothing,Dress,10,25.0,20,200.0,Consumer,Apple Pay,9,34.82,5.0
ORD-101229,2024-11-11,Europe,Home & Kitchen,Air Fryer,12,149.94,0,1799.28,SMB,Apple Pay,11,8.01,4.0
ORD-100701,2024-11-12,North America,Books,Cookbook,3,34.88,20,83.71,SMB,PayPal,5,34.97,4.1
ORD-101748,2024-11-13,North America,Sports & Outdoors,Running Shoes,6,702.11,0,4212.66,Consumer,Credit Card,8,23.12,3.6
ORD-101593,2024-11-13,Asia Pacific,Electronics,Smartphone,6,312.77,20,1501.3,Consumer,Google Pay,11,49.33,4.8
ORD-101042,2024-11-13,North America,Electronics,Smartwatch,4,1783.39,0,7133.56,Consumer,Apple Pay,4,33.54,4.9
ORD-100375,2024-11-14,Asia Pacific,Clothing,T-Shirt,9,35.83,20,257.98,Enterprise,Google Pay,12,46.77,4.6
ORD-101213,2024-11-14,Latin America,Books,Cookbook,7,8.21,0,57.47,SMB,Apple Pay,13,37.25,3.5
ORD-101440,2024-11-14,North America,Books,Children's Book,1,21.7,10,19.53,Consumer,Credit Card,7,17.53,3.4
ORD-101907,2024-11-15,North America,Sports & Outdoors,Yoga Mat,10,567.0,5,5386.5,Consumer,Bank Transfer,2,8.93,5.0
ORD-101910,2024-11-16,North America,Electronics,Smartphone,3,1885.59,10,5091.09,Enterprise,Apple Pay,5,26.19,4.5
ORD-101076,2024-11-16,North America,Clothing,Jeans,6,97.65,5,556.6,Consumer,Credit Card,5,6.11,4.0
ORD-100421,2024-11-16,North America,Books,Biography,7,15.9,15,94.6,SMB,Bank Transfer,2,49.9,3.9
ORD-100340,2024-11-17,Europe,Sports & Outdoors,Tent,3,506.0,5,1442.1,Enterprise,Bank Transfer,6,22.06,4.2
ORD-100430,2024-11-17,Europe,Home & Kitchen,Blender,6,129.27,0,775.62,Consumer,Credit Card,11,18.33,5.0
ORD-100548,2024-11-17,North America,Sports & Outdoors,Bike,4,142.86,5,542.87,Consumer,PayPal,9,10.01,4.4
ORD-101979,2024-11-18,Asia Pacific,Clothing,T-Shirt,10,101.9,20,815.2,Consumer,Bank Transfer,13,7.56,5.0
ORD-101968,2024-11-19,Asia Pacific,Sports & Outdoors,Tent,3,403.7,0,1211.1,Consumer,Google Pay,10,32.52,4.2
ORD-100103,2024-11-19,Europe,Home & Kitchen,Vacuum Cleaner,6,303.07,0,1818.42,Enterprise,Bank Transfer,7,21.97,4.5
ORD-100946,2024-11-20,North America,Home & Kitchen,Microwave,10,444.52,0,4445.2,Consumer,Apple Pay,6,12.05,4.0
ORD-101722,2024-11-21,Europe,Clothing,Jeans,7,143.59,0,1005.13,SMB,Credit Card,12,43.89,4.0
ORD-101268,2024-11-21,North America,Sports & Outdoors,Yoga Mat,1,214.64,0,214.64,Consumer,Bank Transfer,1,18.19,4.5
ORD-100370,2024-11-21,Latin America,Electronics,Tablet,4,326.42,15,1109.83,Consumer,Credit Card,2,11.42,3.6
ORD-101124,2024-11-22,North America,Clothing,Jeans,10,22.05,0,220.5,SMB,Bank Transfer,8,37.09,5.0
ORD-101347,2024-11-23,North America,Sports & Outdoors,Yoga Mat,4,83.73,0,334.92,Consumer,Google Pay,12,43.05,3.8
ORD-100580,2024-11-23,Europe,Sports & Outdoors,Dumbbells,1,484.27,10,435.84,SMB,Google Pay,7,34.5,3.8
ORD-100596,2024-11-23,North America,Clothing,Jacket,3,62.25,20,149.4,Consumer,Apple Pay,5,46.99,4.8
ORD-101153,2024-11-24,Europe,Books,Children's Book,10,32.63,5,309.98,Consumer,Bank Transfer,1,27.33,4.6
ORD-101356,2024-11-24,Europe,Home & Kitchen,Blender,9,92.8,0,835.2,Consumer,Google Pay,9,14.18,4.6
ORD-101482,2024-11-24,Europe,Books,Non-Fiction,9,33.37,15,255.28,Consumer,Bank Transfer,2,20.06,4.1
ORD-100901,2024-11-25,Latin America,Electronics,Headphones,9,677.66,20,4879.15,Enterprise,PayPal,13,25.33,3.7
ORD-100056,2024-11-25,Europe,Books,Children's Book,6,19.04,15,97.1,Consumer,PayPal,4,26.34,4.0
ORD-101027,2024-11-25,Asia Pacific,Books,Children's Book,12,29.03,5,330.94,Consumer,Google Pay,11,11.18,5.0
ORD-101194,2024-11-26,North America,Clothing,Hoodie,4,134.8,20,431.36,SMB,Credit Card,7,17.07,3.6
ORD-100121,2024-11-26,Europe,Electronics,Smartwatch,10,1116.08,20,8928.64,SMB,Bank Transfer,5,24.8,4.2
ORD-101699,2024-11-26,Europe,Clothing,Jacket,12,128.26,0,1539.12,SMB,Apple Pay,9,17.32,4.9
ORD-101166,2024-11-27,North America,Clothing,T-Shirt,3,133.49,0,400.47,Consumer,PayPal,5,45.64,3.9
ORD-101657,2024-11-27,North America,Clothing,Hoodie,12,18.15,10,196.02,Consumer,Credit Card,4,29.61,4.0
ORD-101288,2024-11-27,Europe,Clothing,T-Shirt,7,134.63,15,801.05,SMB,Google Pay,10,14.89,4.5
ORD-100244,2024-11-27,Asia Pacific,Home & Kitchen,Air Fryer,3,349.62,5,996.42,Consumer,Credit Card,6,37.25,4.7
ORD-101478,2024-11-27,Asia Pacific,Clothing,Sneakers,10,101.44,20,811.52,Consumer,Google Pay,10,48.06,4.5
ORD-101300,2024-11-27,North America,Electronics,Laptop,12,788.89,10,8520.01,Consumer,Google Pay,1,38.88,4.3
ORD-101298,2024-11-27,Latin America,Home & Kitchen,Microwave,10,131.32,0,1313.2,Consumer,PayPal,4,15.36,3.7
ORD-100484,2024-11-28,Europe,Home & Kitchen,Air Fryer,13,101.71,0,1322.23,SMB,Bank Transfer,9,33.21,4.1
ORD-101091,2024-11-28,Europe,Sports & Outdoors,Bike,3,84.32,0,252.96,Consumer,Apple Pay,13,9.27,4.2
ORD-101468,2024-11-29,Europe,Sports & Outdoors,Yoga Mat,9,56.34,10,456.35,SMB,Apple Pay,13,14.26,3.6
ORD-101497,2024-11-29,North America,Home & Kitchen,Microwave,9,91.47,10,740.91,Enterprise,Credit Card,11,18.4,5.0
ORD-101977,2024-11-30,Asia Pacific,Books,Cookbook,1,9.44,10,8.5,Consumer,Credit Card,4,6.08,4.1
ORD-100305,2024-11-30,Europe,Clothing,Hoodie,12,70.51,10,761.51,SMB,Bank Transfer,1,32.64,4.0
ORD-101690,2024-12-01,Asia Pacific,Books,Non-Fiction,3,15.57,15,39.7,Enterprise,Google Pay,11,33.46,4.2
ORD-100110,2024-12-01,Asia Pacific,Electronics,Smartphone,13,380.71,0,4949.23,Consumer,PayPal,1,16.04,4.2
ORD-100940,2024-12-04,Middle East,Clothing,Jeans,12,128.41,0,1540.92,SMB,Bank Transfer,2,5.1,4.3
ORD-101052,2024-12-04,Europe,Home & Kitchen,Microwave,6,361.98,5,2063.29,Consumer,Bank Transfer,6,46.08,4.1
ORD-100492,2024-12-04,Europe,Books,Children's Book,7,30.57,20,171.19,Consumer,PayPal,9,9.61,4.5
ORD-101526,2024-12-04,Asia Pacific,Sports & Outdoors,Bike,7,320.79,0,2245.53,Consumer,Apple Pay,11,31.33,3.8
ORD-100455,2024-12-04,Asia Pacific,Electronics,Camera,12,235.96,0,2831.52,Enterprise,Bank Transfer,10,48.85,3.1
ORD-100093,2024-12-05,North America,Sports & Outdoors,Yoga Mat,10,43.27,0,432.7,Consumer,Apple Pay,10,38.24,5.0
ORD-100681,2024-12-05,Asia Pacific,Books,Biography,9,23.24,5,198.7,SMB,Apple Pay,11,38.97,4.3
ORD-101016,2024-12-05,Europe,Electronics,Smartphone,6,574.35,0,3446.1,Consumer,Credit Card,5,17.54,4.3
ORD-100531,2024-12-05,Asia Pacific,Sports & Outdoors,Running Shoes,1,592.01,5,562.41,SMB,Google Pay,4,39.68,4.5
ORD-101915,2024-12-05,Europe,Books,Children's Book,4,25.67,0,102.68,Consumer,Credit Card,7,33.61,3.6
ORD-100772,2024-12-06,Asia Pacific,Sports & Outdoors,Yoga Mat,13,660.17,20,6865.77,Consumer,Apple Pay,10,5.16,5.0
ORD-101162,2024-12-07,Asia Pacific,Books,Non-Fiction,13,14.09,0,183.17,Consumer,PayPal,1,29.63,5.0
ORD-101001,2024-12-07,Asia Pacific,Electronics,Camera,4,1677.56,10,6039.22,Consumer,Bank Transfer,9,13.86,4.3
ORD-100995,2024-12-07,Europe,Electronics,Smartphone,7,617.14,15,3671.98,Consumer,Google Pay,11,12.84,4.1
ORD-101199,2024-12-08,Asia Pacific,Electronics,Headphones,4,1467.25,5,5575.55,Consumer,PayPal,1,41.13,4.6
ORD-101756,2024-12-08,Asia Pacific,Electronics,Camera,1,1958.05,0,1958.05,SMB,Bank Transfer,10,48.27,3.7
ORD-101344,2024-12-09,Asia Pacific,Books,Children's Book,4,26.63,5,101.19,Enterprise,Bank Transfer,5,38.73,2.3
ORD-101333,2024-12-09,Europe,Clothing,T-Shirt,10,77.44,0,774.4,Enterprise,PayPal,3,42.14,5.0
ORD-100444,2024-12-09,North America,Home & Kitchen,Blender,7,466.09,0,3262.63,Consumer,Google Pay,1,19.61,3.6
ORD-100875,2024-12-09,Asia Pacific,Books,Children's Book,7,22.54,15,134.11,Consumer,PayPal,9,30.76,3.9
ORD-100750,2024-12-09,Europe,Electronics,Headphones,9,773.95,0,6965.55,SMB,Credit Card,7,30.06,3.9
ORD-100057,2024-12-09,Asia Pacific,Electronics,Smartphone,6,1230.42,5,7013.39,SMB,Bank Transfer,9,40.43,4.5
ORD-101138,2024-12-10,Europe,Books,Biography,1,22.84,0,22.84,Consumer,PayPal,5,7.92,3.8
ORD-100728,2024-12-12,Asia Pacific,Clothing,Jeans,9,40.11,0,360.99,Consumer,Credit Card,13,43.07,4.7
ORD-100983,2024-12-12,Europe,Home & Kitchen,Blender,4,220.48,10,793.73,SMB,Credit Card,11,24.03,4.1
ORD-101186,2024-12-12,North America,Sports & Outdoors,Running Shoes,12,528.35,0,6340.2,Enterprise,PayPal,4,21.8,2.9
ORD-101662,2024-12-13,Asia Pacific,Books,Children's Book,13,21.45,5,264.91,SMB,Apple Pay,9,29.87,3.6
ORD-101265,2024-12-13,Europe,Books,Fiction,10,17.05,20,136.4,SMB,PayPal,7,32.99,5.0
ORD-100501,2024-12-13,Europe,Clothing,Sneakers,7,117.19,20,656.26,SMB,Apple Pay,12,6.89,4.1
ORD-101421,2024-12-14,Asia Pacific,Clothing,Dress,13,97.2,10,1137.24,Consumer,PayPal,4,25.46,4.4
ORD-100776,2024-12-14,Europe,Clothing,T-Shirt,3,148.01,15,377.43,SMB,Credit Card,1,41.38,4.8
ORD-100062,2024-12-14,Europe,Home & Kitchen,Vacuum Cleaner,10,361.54,15,3073.09,Consumer,PayPal,10,12.37,4.8
ORD-100725,2024-12-15,Europe,Clothing,Sneakers,13,63.49,0,825.37,Consumer,Google Pay,7,34.73,3.8
ORD-100108,2024-12-15,North America,Electronics,Smartwatch,12,1310.16,0,15721.92,Consumer,Bank Transfer,2,31.29,3.8
ORD-101615,2024-12-15,North America,Electronics,Tablet,3,1021.1,5,2910.14,Consumer,PayPal,9,34.79,5.0
ORD-101492,2024-12-16,North America,Electronics,Camera,6,656.9,0,3941.4,SMB,Apple Pay,9,16.63,4.1
ORD-100630,2024-12-16,North America,Sports & Outdoors,Dumbbells,6,631.57,0,3789.42,Consumer,Google Pay,8,34.26,5.0
ORD-101098,2024-12-17,North America,Clothing,Sneakers,6,113.13,0,678.78,Enterprise,Apple Pay,8,8.14,4.2
ORD-100913,2024-12-17,Asia Pacific,Clothing,Hoodie,7,42.21,10,265.92,Consumer,Bank Transfer,7,22.05,3.4
ORD-101773,2024-12-17,Asia Pacific,Home & Kitchen,Air Fryer,12,141.85,5,1617.09,Consumer,Apple Pay,5,46.08,3.0
ORD-100977,2024-12-17,Latin America,Electronics,Headphones,12,314.06,20,3014.98,Consumer,Google Pay,10,41.06,5.0
ORD-101840,2024-12-17,North America,Books,Children's Book,10,25.54,0,255.4,SMB,Bank Transfer,8,47.61,4.0
ORD-100189,2024-12-18,Europe,Books,Non-Fiction,9,28.95,15,221.47,SMB,Google Pay,3,30.7,4.3
ORD-100408,2024-12-18,Asia Pacific,Sports & Outdoors,Yoga Mat,13,460.15,0,5981.95,SMB,Bank Transfer,8,38.74,3.3
ORD-101104,2024-12-18,Europe,Clothing,Dress,7,110.8,0,775.6,Consumer,Apple Pay,12,20.4,2.9
ORD-100982,2024-12-18,Asia Pacific,Home & Kitchen,Blender,7,491.26,20,2751.06,Consumer,Credit Card,5,29.69,3.6
ORD-101730,2024-12-19,Latin America,Books,Fiction,7,28.87,0,202.09,SMB,Bank Transfer,5,48.08,4.4
ORD-101271,2024-12-19,Europe,Electronics,Headphones,4,1443.08,5,5483.7,Consumer,Credit Card,10,19.08,4.2
ORD-101357,2024-12-19,Asia Pacific,Home & Kitchen,Microwave,13,368.23,10,4308.29,Consumer,Credit Card,6,11.9,4.3
ORD-101140,2024-12-20,Asia Pacific,Books,Cookbook,12,18.91,0,226.92,Consumer,Google Pay,4,8.88,2.9
ORD-101461,2024-12-20,Europe,Electronics,Tablet,6,493.39,10,2664.31,SMB,Google Pay,6,42.64,4.3
ORD-101766,2024-12-20,Asia Pacific,Electronics,Smartwatch,6,1386.83,20,6656.78,SMB,Google Pay,7,43.64,4.3
ORD-101473,2024-12-20,Europe,Clothing,Hoodie,6,41.95,0,251.7,Consumer,Credit Card,5,27.75,4.0
ORD-101152,2024-12-21,North America,Home & Kitchen,Vacuum Cleaner,9,56.08,0,504.72,Consumer,Google Pay,8,44.79,4.0
ORD-101106,2024-12-21,North America,Sports & Outdoors,Yoga Mat,1,46.74,0,46.74,SMB,Bank Transfer,8,24.83,3.7
ORD-101586,2024-12-21,North America,Home & Kitchen,Vacuum Cleaner,6,382.77,0,2296.62,SMB,Bank Transfer,8,23.72,3.0
ORD-100873,2024-12-22,Latin America,Clothing,Jacket,6,45.21,20,217.01,SMB,Google Pay,10,7.18,4.1
ORD-100113,2024-12-22,Middle East,Home & Kitchen,Coffee Maker,1,477.56,5,453.68,Consumer,PayPal,8,16.39,3.4
ORD-100331,2024-12-22,Middle East,Books,Non-Fiction,9,26.34,0,237.06,Enterprise,Google Pay,10,14.9,4.5
ORD-100176,2024-12-23,Europe,Books,Biography,10,33.94,10,305.46,SMB,PayPal,1,25.69,4.2
ORD-101296,2024-12-24,North America,Clothing,T-Shirt,7,129.44,5,860.78,SMB,Google Pay,12,41.22,3.9
ORD-100324,2024-12-24,North America,Books,Biography,13,10.71,10,125.31,Enterprise,PayPal,2,42.85,4.3
ORD-101117,2024-12-24,Latin America,Electronics,Smartwatch,7,516.61,20,2893.02,Consumer,PayPal,4,46.23,4.4
ORD-100117,2024-12-25,North America,Books,Fiction,4,34.82,0,139.28,Consumer,Apple Pay,2,33.45,3.8
ORD-101224,2024-12-25,Europe,Clothing,Jacket,3,120.94,0,362.82,Consumer,Bank Transfer,9,27.25,4.0
ORD-101506,2024-12-26,Europe,Sports & Outdoors,Running Shoes,3,599.57,5,1708.77,Consumer,Credit Card,4,17.2,3.8
ORD-101596,2024-12-27,North America,Sports & Outdoors,Tent,6,505.04,20,2424.19,Consumer,Apple Pay,2,34.47,3.5
ORD-101745,2024-12-27,Latin America,Clothing,Dress,10,55.27,5,525.07,SMB,Google Pay,8,36.43,3.5
ORD-100439,2024-12-28,North America,Clothing,Jeans,12,130.63,5,1489.18,SMB,PayPal,4,18.93,4.1
ORD-100755,2024-12-28,Europe,Clothing,Hoodie,9,95.88,0,862.92,Consumer,Google Pay,12,27.27,4.6
ORD-101856,2024-12-29,Asia Pacific,Clothing,Jeans,6,18.45,15,94.09,Consumer,Apple Pay,3,21.54,4.2
ORD-101188,2024-12-29,North America,Home & Kitchen,Coffee Maker,1,135.51,0,135.51,Consumer,Credit Card,4,47.76,3.6
ORD-100074,2024-12-30,North America,Sports & Outdoors,Dumbbells,1,310.71,20,248.57,SMB,Credit Card,9,43.95,3.5
ORD-100881,2024-12-30,Europe,Books,Biography,10,34.04,15,289.34,Consumer,Credit Card,8,7.67,4.7
ORD-100937,2024-12-30,Asia Pacific,Electronics,Camera,6,1868.49,20,8968.75,Consumer,Google Pay,13,34.98,3.7
ORD-100252,2024-12-31,Asia Pacific,Books,Fiction,1,25.72,0,25.72,SMB,Credit Card,7,9.4,4.8
ORD-100011,2025-01-01,North America,Home & Kitchen,Blender,6,326.23,0,1957.38,Consumer,PayPal,13,36.49,4.2
ORD-100054,2025-01-01,Asia Pacific,Electronics,Smartphone,9,742.42,0,6681.78,SMB,Bank Transfer,3,27.88,4.7
ORD-101214,2025-01-02,Europe,Books,Cookbook,9,8.49,20,61.13,SMB,Google Pay,1,21.17,4.2
ORD-100438,2025-01-02,North America,Clothing,Dress,6,37.58,15,191.66,SMB,Google Pay,11,14.5,4.5
ORD-100462,2025-01-03,North America,Home & Kitchen,Blender,6,263.92,15,1345.99,Consumer,Credit Card,5,13.0,3.9
ORD-100566,2025-01-03,Europe,Home & Kitchen,Air Fryer,6,360.9,20,1732.32,Consumer,Bank Transfer,11,45.9,4.7
ORD-101449,2025-01-03,Europe,Clothing,T-Shirt,6,133.8,15,682.38,Consumer,Bank Transfer,3,15.52,4.6
ORD-100526,2025-01-03,Latin America,Clothing,Hoodie,6,121.71,10,657.23,Consumer,PayPal,3,17.98,4.5
ORD-100078,2025-01-04,Europe,Books,Cookbook,8,34.97,10,251.78,Consumer,PayPal,3,36.54,4.6
ORD-101444,2025-01-04,Europe,Electronics,Headphones,2,1017.65,20,1628.24,SMB,Google Pay,13,42.54,4.4
ORD-100111,2025-01-04,North America,Sports & Outdoors,Bike,6,684.04,20,3283.39,Consumer,Apple Pay,4,12.26,3.3
ORD-100224,2025-01-05,Latin America,Sports & Outdoors,Bike,9,28.59,5,244.44,Consumer,Credit Card,12,34.7,4.2
ORD-101289,2025-01-05,North America,Clothing,Dress,1,93.06,0,93.06,Consumer,Apple Pay,2,14.97,3.3
ORD-101407,2025-01-05,North America,Clothing,Jeans,3,55.59,0,166.77,Enterprise,Google Pay,9,16.56,3.8
ORD-101571,2025-01-05,North America,Books,Fiction,3,25.79,5,73.5,SMB,Google Pay,7,40.7,3.5
ORD-100598,2025-01-05,Europe,Home & Kitchen,Coffee Maker,9,291.14,0,2620.26,SMB,Apple Pay,4,18.26,4.7
ORD-100479,2025-01-05,Europe,Home & Kitchen,Blender,1,372.76,0,372.76,Enterprise,PayPal,8,8.3,3.6
ORD-101739,2025-01-05,North America,Electronics,Camera,2,1137.97,0,2275.94,Consumer,Bank Transfer,5,26.6,3.8
ORD-100951,2025-01-06,Asia Pacific,Books,Fiction,5,12.85,15,54.61,SMB,Bank Transfer,1,42.8,4.2
ORD-101391,2025-01-06,North America,Sports & Outdoors,Bike,2,420.25,0,840.5,Consumer,PayPal,4,45.16,3.5
ORD-100650,2025-01-07,Middle East,Home & Kitchen,Blender,6,203.61,15,1038.41,Consumer,Credit Card,6,29.78,4.8
ORD-101893,2025-01-08,Europe,Books,Children's Book,7,17.12,0,119.84,SMB,Credit Card,12,12.77,5.0
ORD-100540,2025-01-08,Asia Pacific,Books,Non-Fiction,9,34.64,0,311.76,Consumer,Apple Pay,12,9.79,4.7
ORD-100012,2025-01-10,Europe,Home & Kitchen,Vacuum Cleaner,9,396.01,0,3564.09,Consumer,Apple Pay,6,25.51,3.4
ORD-100909,2025-01-10,Europe,Books,Children's Book,7,29.24,10,184.21,SMB,Credit Card,4,43.56,3.8
ORD-100787,2025-01-11,North America,Clothing,Jeans,6,86.76,10,468.5,Consumer,Apple Pay,12,33.37,3.9
ORD-101398,2025-01-11,Europe,Books,Non-Fiction,6,29.95,0,179.7,SMB,Bank Transfer,5,17.1,4.7
ORD-101164,2025-01-11,Latin America,Home & Kitchen,Blender,6,224.05,0,1344.3,Consumer,Credit Card,8,6.83,4.3
ORD-101892,2025-01-13,Latin America,Electronics,Camera,2,1310.37,15,2227.63,Consumer,Apple Pay,10,6.21,4.2
ORD-100871,2025-01-13,Europe,Electronics,Laptop,2,556.05,0,1112.1,SMB,Bank Transfer,3,12.27,3.2
ORD-101375,2025-01-14,Europe,Electronics,Headphones,9,297.84,0,2680.56,SMB,Google Pay,12,37.35,3.6
ORD-100534,2025-01-14,Asia Pacific,Home & Kitchen,Blender,1,351.14,0,351.14,Consumer,Credit Card,12,37.58,3.5
ORD-100386,2025-01-15,Europe,Home & Kitchen,Vacuum Cleaner,7,302.14,5,2009.23,Enterprise,Bank Transfer,13,26.57,4.2
ORD-100734,2025-01-15,Asia Pacific,Clothing,Jeans,4,138.21,10,497.56,Consumer,Google Pay,10,44.82,5.0
ORD-100905,2025-01-15,Europe,Home & Kitchen,Vacuum Cleaner,4,234.37,15,796.86,Consumer,PayPal,4,29.3,4.6
ORD-101731,2025-01-16,Europe,Sports & Outdoors,Running Shoes,2,169.12,0,338.24,SMB,PayPal,13,17.41,4.2
ORD-100795,2025-01-16,Europe,Electronics,Headphones,8,893.31,0,7146.48,Consumer,Bank Transfer,10,22.29,4.0
ORD-101110,2025-01-16,North America,Books,Fiction,5,11.71,10,52.7,Consumer,PayPal,6,6.14,4.7
ORD-101263,2025-01-17,North America,Books,Cookbook,3,33.1,20,79.44,SMB,PayPal,3,33.61,3.2
ORD-100209,2025-01-18,North America,Clothing,Sneakers,4,50.2,0,200.8,SMB,Apple Pay,5,43.54,4.4
ORD-100193,2025-01-19,Asia Pacific,Electronics,Smartphone,3,1034.89,0,3104.67,Enterprise,Bank Transfer,11,17.34,4.2
ORD-100215,2025-01-19,North America,Clothing,Jacket,4,39.42,0,157.68,Consumer,Apple Pay,6,38.01,3.8
ORD-101875,2025-01-19,North America,Home & Kitchen,Coffee Maker,5,490.51,0,2452.55,SMB,PayPal,2,11.93,3.9
ORD-100282,2025-01-19,North America,Sports & Outdoors,Dumbbells,8,212.87,5,1617.81,Consumer,Bank Transfer,8,48.86,5.0
ORD-101474,2025-01-19,Europe,Sports & Outdoors,Running Shoes,4,84.35,0,337.4,Consumer,PayPal,7,38.58,3.9
ORD-101095,2025-01-20,Europe,Clothing,Dress,5,23.03,0,115.15,SMB,Bank Transfer,1,32.58,4.0
ORD-101075,2025-01-20,Europe,Books,Cookbook,3,10.9,0,32.7,Consumer,Google Pay,12,31.02,4.6
ORD-101574,2025-01-21,Asia Pacific,Electronics,Tablet,2,1647.0,0,3294.0,Consumer,PayPal,12,44.64,3.3
ORD-100718,2025-01-22,North America,Home & Kitchen,Vacuum Cleaner,2,435.68,5,827.79,Consumer,Credit Card,3,7.98,3.8
ORD-100505,2025-01-22,North America,Electronics,Camera,7,830.54,0,5813.78,Consumer,Credit Card,5,33.24,3.8
ORD-101350,2025-01-22,Europe,Sports & Outdoors,Dumbbells,5,327.23,15,1390.73,Consumer,Bank Transfer,11,18.58,3.2
ORD-100119,2025-01-23,Asia Pacific,Clothing,Jacket,1,38.93,10,35.04,Consumer,Google Pay,6,38.73,4.4
ORD-100564,2025-01-23,Europe,Sports & Outdoors,Running Shoes,7,338.71,15,2015.32,Consumer,Bank Transfer,3,27.85,4.5
ORD-100355,2025-01-24,Latin America,Electronics,Smartphone,4,454.32,0,1817.28,SMB,Apple Pay,5,7.9,4.2
ORD-101285,2025-01-24,Asia Pacific,Clothing,Hoodie,6,144.57,20,693.94,Consumer,PayPal,3,47.22,4.4
ORD-100175,2025-01-25,Europe,Sports & Outdoors,Running Shoes,7,525.58,15,3127.2,SMB,Credit Card,12,20.65,4.4
ORD-100302,2025-01-25,Latin America,Sports & Outdoors,Dumbbells,5,503.53,0,2517.65,Consumer,Apple Pay,5,42.63,4.3
ORD-100542,2025-01-25,Latin America,Clothing,Dress,5,84.15,0,420.75,SMB,PayPal,7,33.03,3.8
ORD-101803,2025-01-26,Asia Pacific,Electronics,Camera,3,1429.06,20,3429.74,Consumer,Google Pay,4,44.39,4.7
ORD-100938,2025-01-26,Latin America,Sports & Outdoors,Yoga Mat,6,756.42,0,4538.52,Consumer,Credit Card,5,26.56,4.6
ORD-100383,2025-01-26,Middle East,Electronics,Smartphone,9,539.8,15,4129.47,Consumer,Google Pay,13,33.87,3.5
ORD-101033,2025-01-26,North America,Home & Kitchen,Coffee Maker,2,222.16,0,444.32,Consumer,Google Pay,3,29.74,4.1
ORD-101836,2025-01-27,Europe,Sports & Outdoors,Yoga Mat,2,410.74,0,821.48,Consumer,Apple Pay,3,43.46,3.3
ORD-100045,2025-01-28,North America,Books,Children's Book,8,27.38,20,175.23,SMB,Google Pay,9,31.47,3.2
ORD-101631,2025-01-28,Europe,Home & Kitchen,Vacuum Cleaner,5,212.6,0,1063.0,Consumer,Apple Pay,5,34.15,3.1
ORD-100473,2025-01-29,Europe,Home & Kitchen,Air Fryer,7,196.88,10,1240.34,Consumer,Credit Card,6,43.11,4.6
ORD-100786,2025-01-29,Europe,Electronics,Tablet,7,1202.01,20,6731.26,Enterprise,PayPal,5,27.24,5.0
ORD-100287,2025-01-30,Europe,Electronics,Laptop,8,927.7,10,6679.44,SMB,Apple Pay,10,40.56,4.4
ORD-101794,2025-01-30,Asia Pacific,Sports & Outdoors,Yoga Mat,2,626.14,5,1189.67,Consumer,Bank Transfer,1,45.52,5.0
ORD-101762,2025-01-30,Europe,Sports & Outdoors,Dumbbells,8,359.69,20,2302.02,SMB,Google Pay,10,43.48,4.2
ORD-100434,2025-01-31,Europe,Electronics,Laptop,4,1790.02,0,7160.08,SMB,PayPal,2,19.91,3.6
ORD-100379,2025-01-31,North America,Home & Kitchen,Coffee Maker,4,273.6,0,1094.4,Consumer,Bank Transfer,13,20.98,4.3
ORD-100167,2025-01-31,North America,Sports & Outdoors,Dumbbells,2,302.05,0,604.1,Consumer,Bank Transfer,11,46.88,3.5
ORD-100606,2025-02-02,Asia Pacific,Sports & Outdoors,Tent,2,343.78,10,618.8,Consumer,Apple Pay,4,19.93,5.0
ORD-101993,2025-02-04,Europe,Sports & Outdoors,Tent,4,462.51,15,1572.53,Consumer,Apple Pay,9,17.17,4.0
ORD-101636,2025-02-04,North America,Home & Kitchen,Air Fryer,7,449.7,15,2675.72,SMB,Apple Pay,1,40.61,4.1
ORD-100038,2025-02-05,North America,Books,Non-Fiction,8,22.38,15,152.18,SMB,Apple Pay,8,43.73,3.6
ORD-100662,2025-02-06,Asia Pacific,Electronics,Smartphone,6,904.61,0,5427.66,Consumer,Apple Pay,11,24.56,3.1
ORD-100073,2025-02-06,Asia Pacific,Sports & Outdoors,Tent,3,782.78,0,2348.34,Consumer,PayPal,8,46.61,3.6
ORD-100936,2025-02-07,Asia Pacific,Clothing,Sneakers,1,120.29,10,108.26,Enterprise,Google Pay,6,22.93,4.1
ORD-101230,2025-02-07,Middle East,Clothing,Jacket,4,41.59,20,133.09,Consumer,Google Pay,11,16.76,4.8
ORD-101064,2025-02-07,Europe,Clothing,Jeans,8,41.34,0,330.72,Consumer,Apple Pay,2,14.73,3.7
ORD-101961,2025-02-07,Europe,Clothing,Dress,5,29.94,0,149.7,Consumer,Credit Card,9,14.93,5.0
ORD-100329,2025-02-08,North America,Clothing,Dress,3,31.07,0,93.21,SMB,Apple Pay,3,7.02,3.7
ORD-101330,2025-02-10,Middle East,Electronics,Tablet,8,1931.29,20,12360.26,Consumer,Apple Pay,3,6.6,4.2
ORD-100309,2025-02-11,Europe,Clothing,Dress,2,85.33,5,162.13,Consumer,PayPal,11,37.25,3.5
ORD-100118,2025-02-11,Europe,Home & Kitchen,Coffee Maker,9,180.0,0,1620.0,SMB,Apple Pay,1,47.75,3.1
ORD-100183,2025-02-12,Latin America,Electronics,Camera,5,1997.89,10,8990.51,Enterprise,Bank Transfer,11,8.65,4.8
ORD-101804,2025-02-12,North America,Electronics,Smartwatch,9,788.71,20,5678.71,Enterprise,Apple Pay,3,44.04,4.7
ORD-100387,2025-02-12,North America,Electronics,Laptop,5,1896.52,0,9482.6,Enterprise,Credit Card,10,7.78,4.4
ORD-100149,2025-02-13,Europe,Home & Kitchen,Microwave,8,208.94,0,1671.52,Consumer,Apple Pay,5,9.65,4.4
ORD-100928,2025-02-14,Europe,Sports & Outdoors,Dumbbells,2,502.67,20,804.27,Consumer,Google Pay,2,23.49,3.6
ORD-101653,2025-02-14,North America,Books,Non-Fiction,8,18.16,10,130.75,Consumer,Credit Card,2,13.48,4.9
ORD-100483,2025-02-14,North America,Home & Kitchen,Blender,4,307.07,20,982.62,Consumer,Apple Pay,13,44.92,4.8
ORD-101179,2025-02-14,Europe,Home & Kitchen,Vacuum Cleaner,7,186.11,5,1237.63,Consumer,Google Pay,13,5.06,4.5
ORD-101327,2025-02-14,Europe,Clothing,Hoodie,2,129.6,15,220.32,Consumer,Google Pay,12,15.23,4.4
ORD-101462,2025-02-15,North America,Books,Cookbook,7,22.26,20,124.66,Consumer,Google Pay,8,41.36,3.9
ORD-101408,2025-02-15,North America,Sports & Outdoors,Bike,4,132.47,0,529.88,Consumer,Google Pay,5,28.31,5.0
ORD-100559,2025-02-15,North America,Clothing,Hoodie,2,83.49,5,158.63,SMB,Credit Card,8,36.92,4.7
ORD-100771,2025-02-15,Europe,Books,Children's Book,1,26.88,5,25.54,SMB,PayPal,6,39.09,5.0
ORD-100255,2025-02-16,Asia Pacific,Books,Non-Fiction,5,23.28,0,116.4,Consumer,Apple Pay,13,48.54,3.8
ORD-101935,2025-02-16,Asia Pacific,Clothing,Jacket,5,21.2,5,100.7,Consumer,PayPal,4,40.71,4.7
ORD-101588,2025-02-17,North America,Electronics,Laptop,6,1274.51,0,7647.06,Consumer,Apple Pay,2,25.6,4.1
ORD-100319,2025-02-17,Asia Pacific,Clothing,T-Shirt,5,90.13,5,428.12,Consumer,Apple Pay,6,38.34,3.9
ORD-101415,2025-02-18,Europe,Home & Kitchen,Coffee Maker,9,236.26,20,1701.07,Consumer,Apple Pay,12,27.91,4.3
ORD-100452,2025-02-19,North America,Home & Kitchen,Microwave,4,213.75,5,812.25,SMB,Apple Pay,9,8.66,4.7
ORD-101146,2025-02-19,Europe,Sports & Outdoors,Tent,1,594.6,20,475.68,Consumer,PayPal,13,36.2,4.4
ORD-100095,2025-02-20,Europe,Home & Kitchen,Coffee Maker,5,37.79,20,151.16,Consumer,Bank Transfer,12,29.13,4.4
ORD-101686,2025-02-20,Latin America,Books,Fiction,8,32.78,20,209.79,SMB,Google Pay,11,10.51,5.0
ORD-100502,2025-02-21,North America,Clothing,Hoodie,8,54.03,10,389.02,Consumer,Apple Pay,11,45.35,5.0
ORD-100594,2025-02-21,North America,Electronics,Headphones,2,490.15,20,784.24,Enterprise,PayPal,13,21.09,4.3
ORD-100519,2025-02-23,Europe,Books,Fiction,3,24.57,0,73.71,Consumer,Bank Transfer,3,15.66,4.1
ORD-100824,2025-02-23,North America,Sports & Outdoors,Tent,9,283.07,20,2038.1,Consumer,Bank Transfer,2,32.55,5.0
ORD-101302,2025-02-23,Asia Pacific,Sports & Outdoors,Tent,6,451.14,20,2165.47,Consumer,PayPal,13,7.33,4.8
ORD-100848,2025-02-23,North America,Books,Biography,1,8.73,0,8.73,Enterprise,PayPal,2,13.85,4.3
ORD-101795,2025-02-24,North America,Books,Fiction,8,10.95,0,87.6,Enterprise,PayPal,2,41.44,4.4
ORD-101656,2025-02-25,Europe,Home & Kitchen,Coffee Maker,4,357.67,15,1216.08,Consumer,Google Pay,2,7.84,3.0
ORD-100892,2025-02-26,Europe,Clothing,Jacket,6,149.75,0,898.5,Consumer,Google Pay,1,40.04,3.8
ORD-100344,2025-02-26,Asia Pacific,Clothing,Dress,2,91.02,15,154.73,Consumer,Google Pay,10,16.01,3.9
ORD-101202,2025-02-26,North America,Home & Kitchen,Vacuum Cleaner,4,170.77,0,683.08,Consumer,Credit Card,8,7.13,3.0
ORD-101862,2025-02-26,Middle East,Electronics,Smartwatch,4,1847.69,0,7390.76,Consumer,PayPal,12,34.44,3.7
ORD-101184,2025-02-26,Europe,Sports & Outdoors,Tent,7,666.99,15,3968.59,SMB,Credit Card,3,33.53,3.8
ORD-101813,2025-02-27,Asia Pacific,Home & Kitchen,Microwave,3,154.86,0,464.58,SMB,PayPal,2,47.66,4.9
ORD-100457,2025-02-27,Europe,Sports & Outdoors,Running Shoes,7,503.66,0,3525.62,Consumer,Bank Transfer,3,41.46,4.2
ORD-101709,2025-02-28,Europe,Books,Children's Book,4,29.13,15,99.04,SMB,PayPal,2,49.31,4.5
ORD-101801,2025-02-28,North America,Electronics,Tablet,3,965.62,5,2752.02,Consumer,Apple Pay,8,38.11,4.3
ORD-100301,2025-02-28,Asia Pacific,Home & Kitchen,Blender,7,49.39,0,345.73,Enterprise,PayPal,1,38.8,3.6
ORD-101149,2025-02-28,Latin America,Clothing,Jeans,4,65.7,0,262.8,Consumer,Google Pay,2,7.02,4.4
ORD-101908,2025-02-28,Middle East,Sports & Outdoors,Dumbbells,8,82.45,10,593.64,Consumer,Google Pay,13,34.91,4.8
ORD-100101,2025-02-28,North America,Books,Biography,9,29.14,5,249.15,Enterprise,Apple Pay,12,9.49,3.6
ORD-100634,2025-02-28,Europe,Books,Non-Fiction,2,18.37,15,31.23,SMB,Credit Card,3,15.19,3.4
ORD-100821,2025-03-01,Latin America,Electronics,Camera,5,1522.9,0,7614.5,SMB,PayPal,10,31.94,3.8
ORD-100347,2025-03-01,Latin America,Books,Fiction,3,8.32,0,24.96,SMB,Apple Pay,13,31.65,3.3
ORD-101455,2025-03-01,North America,Electronics,Laptop,2,329.4,0,658.8,Consumer,Google Pay,2,35.23,4.8
ORD-101425,2025-03-02,Europe,Clothing,Sneakers,7,126.54,15,752.91,SMB,Google Pay,12,22.47,4.5
ORD-101702,2025-03-02,Asia Pacific,Sports & Outdoors,Yoga Mat,5,716.57,0,3582.85,SMB,Apple Pay,9,46.58,4.5
ORD-100099,2025-03-03,Asia Pacific,Sports & Outdoors,Yoga Mat,6,713.93,0,4283.58,Consumer,PayPal,13,13.98,3.7
ORD-100582,2025-03-03,North America,Home & Kitchen,Coffee Maker,4,365.88,0,1463.52,Consumer,Credit Card,3,5.42,3.1
ORD-100572,2025-03-03,North America,Books,Non-Fiction,6,22.02,0,132.12,SMB,Bank Transfer,12,11.74,4.1
ORD-100293,2025-03-04,North America,Books,Non-Fiction,7,30.13,5,200.36,SMB,Apple Pay,13,17.47,4.6
ORD-101998,2025-03-04,Europe,Sports & Outdoors,Running Shoes,7,56.37,20,315.67,Consumer,Bank Transfer,3,11.62,4.4
ORD-101498,2025-03-04,Europe,Home & Kitchen,Vacuum Cleaner,4,414.15,5,1573.77,SMB,Bank Transfer,8,9.84,4.8
ORD-101403,2025-03-05,Middle East,Books,Children's Book,4,19.97,0,79.88,SMB,Apple Pay,9,10.77,4.0
ORD-101338,2025-03-06,Middle East,Books,Children's Book,8,27.34,5,207.78,SMB,Credit Card,10,12.77,3.9
ORD-100146,2025-03-07,Latin America,Home & Kitchen,Blender,3,316.93,0,950.79,Enterprise,PayPal,10,10.19,2.4
ORD-101864,2025-03-07,Middle East,Books,Non-Fiction,6,33.15,5,188.95,Consumer,Credit Card,11,20.37,4.8
ORD-100902,2025-03-07,Asia Pacific,Sports & Outdoors,Bike,1,670.84,15,570.21,Consumer,Bank Transfer,1,24.07,4.0
ORD-100070,2025-03-07,Asia Pacific,Books,Biography,9,24.75,20,178.2,Enterprise,Bank Transfer,4,40.19,3.0
ORD-100063,2025-03-07,Europe,Books,Fiction,9,30.58,20,220.18,SMB,Google Pay,13,25.17,4.3
ORD-100781,2025-03-07,Asia Pacific,Sports & Outdoors,Dumbbells,8,487.83,20,3122.11,Consumer,Bank Transfer,5,11.11,4.4
ORD-100799,2025-03-08,North America,Books,Cookbook,7,29.28,0,204.96,Consumer,Credit Card,2,13.65,4.0
ORD-101208,2025-03-09,North America,Electronics,Smartphone,3,1557.47,5,4438.79,Consumer,Google Pay,7,24.08,4.3
ORD-101550,2025-03-10,Europe,Clothing,Sneakers,3,70.72,0,212.16,SMB,Bank Transfer,10,37.7,3.8
ORD-101321,2025-03-10,Europe,Electronics,Smartwatch,8,632.16,0,5057.28,Consumer,Apple Pay,3,26.94,5.0
ORD-101438,2025-03-10,North America,Books,Cookbook,5,19.28,5,91.58,SMB,Credit Card,3,45.71,4.2
ORD-100088,2025-03-10,Asia Pacific,Home & Kitchen,Blender,3,143.97,20,345.53,Consumer,Bank Transfer,4,7.19,4.6
ORD-101008,2025-03-11,Europe,Sports & Outdoors,Tent,4,129.32,0,517.28,SMB,Bank Transfer,8,44.22,4.2
ORD-100115,2025-03-12,Europe,Sports & Outdoors,Running Shoes,8,658.28,15,4476.3,Consumer,Google Pay,12,7.25,3.6
ORD-100658,2025-03-13,Europe,Clothing,Jacket,6,22.77,5,129.79,SMB,Bank Transfer,6,17.91,4.6
ORD-101774,2025-03-13,Europe,Electronics,Camera,5,317.74,15,1350.4,Consumer,Google Pay,2,11.52,4.4
ORD-101859,2025-03-13,North America,Electronics,Tablet,6,350.45,20,1682.16,Consumer,Credit Card,3,47.42,3.2
ORD-100474,2025-03-13,North America,Home & Kitchen,Coffee Maker,8,237.92,5,1808.19,Enterprise,Apple Pay,7,15.87,5.0
ORD-100753,2025-03-14,Asia Pacific,Electronics,Tablet,2,565.21,20,904.34,Consumer,Apple Pay,7,40.23,4.7
ORD-100461,2025-03-16,Europe,Electronics,Laptop,6,1837.89,5,10475.97,Consumer,Apple Pay,1,16.86,5.0
ORD-100338,2025-03-16,North America,Electronics,Laptop,2,368.42,0,736.84,Consumer,Bank Transfer,6,47.36,3.1
ORD-101280,2025-03-17,North America,Home & Kitchen,Vacuum Cleaner,4,254.2,20,813.44,SMB,PayPal,11,46.81,4.2
ORD-100312,2025-03-17,Europe,Electronics,Smartwatch,3,1713.25,10,4625.78,Consumer,PayPal,8,45.28,3.7
ORD-100494,2025-03-17,Europe,Clothing,Sneakers,2,109.4,0,218.8,Consumer,PayPal,2,35.55,3.6
ORD-100510,2025-03-17,Europe,Books,Non-Fiction,9,28.68,5,245.21,SMB,Google Pay,13,34.52,3.7
ORD-101087,2025-03-18,North America,Home & Kitchen,Blender,4,232.05,20,742.56,SMB,PayPal,12,37.15,4.2
ORD-100346,2025-03-18,Asia Pacific,Books,Fiction,9,31.63,20,227.74,Consumer,Credit Card,11,20.14,4.2
ORD-100706,2025-03-19,Asia Pacific,Electronics,Smartwatch,1,481.54,5,457.46,Enterprise,Google Pay,7,10.98,4.8
ORD-100081,2025-03-20,Latin America,Home & Kitchen,Microwave,6,140.5,0,843.0,Consumer,Google Pay,10,34.4,4.5
ORD-101786,2025-03-21,Asia Pacific,Electronics,Headphones,5,531.81,5,2526.1,Consumer,Apple Pay,5,19.1,4.2
ORD-101632,2025-03-22,Europe,Clothing,Hoodie,1,141.43,20,113.14,Consumer,Bank Transfer,5,5.63,5.0
ORD-101613,2025-03-22,Latin America,Clothing,Dress,8,111.26,5,845.58,SMB,Apple Pay,6,30.95,4.6
ORD-100413,2025-03-22,Europe,Clothing,Dress,8,132.21,0,1057.68,Consumer,Google Pay,6,11.91,4.7
ORD-100790,2025-03-23,Middle East,Clothing,Sneakers,8,122.47,5,930.77,Consumer,Credit Card,3,19.94,3.4
ORD-101904,2025-03-24,North America,Clothing,Hoodie,4,147.89,0,591.56,Enterprise,Google Pay,13,13.25,3.9
ORD-101150,2025-03-24,North America,Electronics,Smartphone,6,231.77,0,1390.62,Consumer,PayPal,8,35.98,4.4
ORD-100204,2025-03-25,North America,Clothing,Jacket,8,48.17,15,327.56,Enterprise,PayPal,2,38.48,4.0
ORD-101430,2025-03-25,Europe,Home & Kitchen,Blender,3,410.48,10,1108.3,SMB,Google Pay,2,12.83,4.4
ORD-100516,2025-03-25,Asia Pacific,Clothing,Dress,2,117.13,0,234.26,SMB,Credit Card,7,17.29,5.0
ORD-100815,2025-03-26,Asia Pacific,Sports & Outdoors,Dumbbells,8,623.64,15,4240.75,SMB,Google Pay,12,48.52,3.6
ORD-100685,2025-03-27,North America,Sports & Outdoors,Running Shoes,8,419.84,5,3190.78,Consumer,Google Pay,5,30.53,4.2
ORD-100390,2025-03-27,Europe,Books,Non-Fiction,8,18.98,0,151.84,Consumer,Google Pay,7,6.18,4.6
ORD-100546,2025-03-27,Latin America,Sports & Outdoors,Tent,2,117.07,10,210.73,SMB,Bank Transfer,13,12.01,3.7
ORD-101832,2025-03-29,Europe,Electronics,Headphones,4,1118.77,10,4027.57,SMB,Credit Card,11,14.39,3.5
ORD-101103,2025-03-29,Latin America,Electronics,Smartwatch,4,1405.17,5,5339.65,SMB,Google Pay,9,34.8,4.4
ORD-101599,2025-03-29,Asia Pacific,Home & Kitchen,Microwave,3,52.04,10,140.51,Consumer,Credit Card,12,12.4,4.7
ORD-101176,2025-03-30,North America,Books,Cookbook,3,27.58,10,74.47,Consumer,Credit Card,8,10.81,3.1
ORD-100694,2025-03-30,Asia Pacific,Clothing,Dress,3,50.66,5,144.38,SMB,Bank Transfer,4,25.96,3.2
ORD-100080,2025-03-31,Europe,Electronics,Smartphone,5,1342.17,20,5368.68,Enterprise,PayPal,7,17.8,4.4
ORD-100621,2025-03-31,Latin America,Clothing,Dress,6,59.83,5,341.03,SMB,Google Pay,10,49.61,3.8
ORD-101348,2025-03-31,North America,Books,Cookbook,6,11.35,20,54.48,Consumer,Apple Pay,13,15.49,5.0
ORD-100326,2025-03-31,North America,Clothing,T-Shirt,3,33.25,5,94.76,SMB,Credit Card,5,36.13,4.9
ORD-101136,2025-04-01,Europe,Electronics,Laptop,6,1460.98,5,8327.59,Consumer,Bank Transfer,13,18.05,3.9
ORD-101030,2025-04-01,Europe,Books,Cookbook,7,26.25,0,183.75,SMB,Credit Card,1,31.82,2.8
ORD-101971,2025-04-02,Europe,Electronics,Tablet,9,1083.74,5,9265.98,Consumer,Google Pay,10,45.89,4.2
ORD-101925,2025-04-03,Asia Pacific,Electronics,Smartphone,1,747.32,0,747.32,Consumer,Credit Card,2,34.85,4.0
ORD-100318,2025-04-03,North America,Books,Children's Book,9,14.68,0,132.12,SMB,PayPal,5,49.59,3.5
ORD-101432,2025-04-03,Latin America,Electronics,Smartwatch,3,1166.33,10,3149.09,SMB,Apple Pay,7,28.39,4.2
ORD-101820,2025-04-04,Europe,Books,Fiction,1,16.82,20,13.46,Enterprise,Credit Card,7,30.69,5.0
ORD-101604,2025-04-04,Asia Pacific,Home & Kitchen,Vacuum Cleaner,6,465.68,0,2794.08,SMB,Apple Pay,8,13.81,3.5
ORD-101323,2025-04-05,North America,Home & Kitchen,Coffee Maker,3,117.21,0,351.63,Enterprise,Credit Card,3,20.89,3.7
ORD-101777,2025-04-05,North America,Books,Fiction,5,20.14,0,100.7,Enterprise,PayPal,13,47.6,3.6
ORD-100633,2025-04-06,Europe,Sports & Outdoors,Running Shoes,2,381.69,5,725.21,Consumer,PayPal,5,6.84,3.7
ORD-100368,2025-04-06,North America,Electronics,Laptop,7,877.77,0,6144.39,Enterprise,PayPal,4,33.78,3.5
ORD-100599,2025-04-07,Europe,Books,Fiction,7,24.59,15,146.31,Consumer,Google Pay,4,42.65,4.5
ORD-100178,2025-04-07,North America,Electronics,Laptop,9,477.96,0,4301.64,Consumer,Credit Card,10,36.87,4.1
ORD-101778,2025-04-07,Europe,Electronics,Smartphone,9,1704.68,20,12273.7,SMB,PayPal,13,33.3,4.7
ORD-101800,2025-04-07,Middle East,Home & Kitchen,Coffee Maker,9,299.49,0,2695.41,Consumer,PayPal,13,48.17,3.8
ORD-101767,2025-04-08,Latin America,Books,Children's Book,4,29.66,15,100.84,Consumer,PayPal,4,29.51,3.5
ORD-100246,2025-04-08,North America,Clothing,Dress,2,47.19,10,84.94,SMB,Apple Pay,3,36.97,3.9
ORD-101215,2025-04-08,Europe,Home & Kitchen,Microwave,4,154.09,5,585.54,SMB,PayPal,7,26.84,3.8
ORD-100394,2025-04-08,Europe,Books,Fiction,7,16.59,0,116.13,Consumer,PayPal,9,36.23,4.6
ORD-100143,2025-04-08,Latin America,Sports & Outdoors,Yoga Mat,1,20.83,0,20.83,SMB,Apple Pay,3,26.15,3.9
ORD-101293,2025-04-09,Europe,Books,Biography,7,15.79,20,88.42,Consumer,Google Pay,6,35.88,4.5
ORD-100496,2025-04-09,North America,Sports & Outdoors,Bike,6,157.64,20,756.67,Enterprise,Bank Transfer,7,39.78,4.0
ORD-100422,2025-04-10,North America,Sports & Outdoors,Bike,8,762.0,0,6096.0,Consumer,Bank Transfer,13,47.1,4.0
ORD-100141,2025-04-10,North America,Home & Kitchen,Microwave,5,363.95,0,1819.75,SMB,PayPal,7,23.84,3.9
ORD-101973,2025-04-11,Latin America,Books,Biography,5,31.63,0,158.15,SMB,Apple Pay,4,5.25,3.7
ORD-100944,2025-04-11,Latin America,Electronics,Laptop,4,1712.48,20,5479.94,Consumer,Bank Transfer,4,29.73,5.0
ORD-101630,2025-04-11,Latin America,Sports & Outdoors,Tent,9,562.78,20,4052.02,SMB,Credit Card,9,12.68,4.3
ORD-101775,2025-04-12,Asia Pacific,Home & Kitchen,Vacuum Cleaner,6,260.87,5,1486.96,Consumer,Google Pay,3,40.38,4.7
ORD-100999,2025-04-12,Europe,Home & Kitchen,Microwave,3,434.28,0,1302.84,Consumer,PayPal,13,30.3,4.1
ORD-100211,2025-04-12,Europe,Home & Kitchen,Air Fryer,5,322.28,10,1450.26,Consumer,PayPal,10,35.72,3.7
ORD-101156,2025-04-12,North America,Clothing,Hoodie,8,67.63,0,541.04,Consumer,PayPal,8,12.12,4.6
ORD-100657,2025-04-12,Europe,Books,Children's Book,2,19.17,10,34.51,Consumer,Bank Transfer,1,45.97,4.0
ORD-100411,2025-04-13,Europe,Books,Biography,1,27.39,5,26.02,SMB,Apple Pay,9,48.16,4.4
ORD-100688,2025-04-13,North America,Electronics,Smartphone,6,1521.98,20,7305.5,SMB,Apple Pay,2,13.78,3.1
ORD-101260,2025-04-13,Europe,Electronics,Smartphone,7,1972.28,5,13115.66,Consumer,PayPal,1,22.03,3.9
ORD-101520,2025-04-14,Asia Pacific,Clothing,Jacket,3,84.65,0,253.95,Consumer,PayPal,8,29.06,4.0
ORD-101589,2025-04-14,Latin America,Electronics,Smartwatch,3,1824.55,0,5473.65,Consumer,Google Pay,13,16.98,4.4
ORD-100017,2025-04-14,Europe,Sports & Outdoors,Dumbbells,5,278.62,5,1323.44,Consumer,PayPal,11,11.31,4.2
ORD-101665,2025-04-14,Europe,Electronics,Camera,3,480.17,0,1440.51,SMB,Google Pay,11,40.64,3.3
ORD-100578,2025-04-14,Europe,Sports & Outdoors,Bike,5,286.26,15,1216.6,SMB,PayPal,7,33.34,4.0
ORD-101828,2025-04-15,North America,Sports & Outdoors,Dumbbells,1,474.02,0,474.02,Consumer,Bank Transfer,3,41.05,2.9
ORD-100864,2025-04-15,North America,Clothing,Sneakers,7,136.11,0,952.77,Consumer,Google Pay,11,46.12,3.5
ORD-100292,2025-04-15,North America,Electronics,Camera,6,1926.37,0,11558.22,Enterprise,Bank Transfer,9,29.85,4.0
ORD-100996,2025-04-16,Latin America,Sports & Outdoors,Bike,5,623.45,10,2805.52,Consumer,Google Pay,2,14.32,4.7
ORD-100965,2025-04-16,North America,Books,Children's Book,9,16.39,15,125.38,Enterprise,PayPal,4,36.41,4.4
ORD-100547,2025-04-16,North America,Home & Kitchen,Vacuum Cleaner,4,460.72,5,1750.74,Consumer,Credit Card,6,20.32,4.6
ORD-101112,2025-04-17,Europe,Books,Children's Book,1,8.52,15,7.24,Enterprise,Credit Card,12,19.47,4.6
ORD-101299,2025-04-18,Latin America,Clothing,Jeans,1,44.95,0,44.95,Consumer,PayPal,6,48.39,3.9
ORD-101368,2025-04-19,North America,Clothing,Sneakers,5,90.99,0,454.95,Consumer,Bank Transfer,7,11.56,4.6
ORD-101294,2025-04-19,North America,Clothing,Jacket,9,145.29,15,1111.47,SMB,Apple Pay,13,27.21,4.5
ORD-100994,2025-04-19,Europe,Clothing,T-Shirt,4,82.92,10,298.51,Consumer,Bank Transfer,11,6.15,4.0
ORD-101527,2025-04-19,Europe,Home & Kitchen,Air Fryer,6,386.1,0,2316.6,SMB,Google Pay,13,15.44,4.1
ORD-100256,2025-04-19,Asia Pacific,Sports & Outdoors,Yoga Mat,2,430.64,5,818.22,Consumer,Credit Card,3,10.18,4.0
ORD-101806,2025-04-20,Latin America,Books,Fiction,2,20.68,0,41.36,Consumer,PayPal,4,42.03,4.9
ORD-101426,2025-04-21,Europe,Electronics,Laptop,4,1590.11,20,5088.35,Consumer,Credit Card,3,28.6,4.2
ORD-100440,2025-04-21,Asia Pacific,Home & Kitchen,Microwave,1,270.42,15,229.86,Consumer,Bank Transfer,7,17.52,3.3
ORD-100796,2025-04-21,Europe,Books,Non-Fiction,1,25.69,0,25.69,SMB,Bank Transfer,4,21.87,3.9
ORD-101320,2025-04-22,North America,Clothing,Jacket,6,125.93,0,755.58,Consumer,Bank Transfer,12,25.81,4.0
ORD-100025,2025-04-22,North America,Sports & Outdoors,Running Shoes,1,578.02,15,491.32,Consumer,Bank Transfer,13,18.54,4.0
ORD-101381,2025-04-22,Latin America,Sports & Outdoors,Tent,9,74.04,0,666.36,Consumer,Bank Transfer,8,5.53,4.0
ORD-101965,2025-04-23,North America,Home & Kitchen,Microwave,4,333.93,5,1268.93,Consumer,PayPal,5,32.2,3.6
ORD-100068,2025-04-23,Latin America,Clothing,Hoodie,5,29.17,0,145.85,SMB,PayPal,1,13.62,3.5
ORD-100985,2025-04-23,Europe,Clothing,Dress,2,105.33,5,200.13,SMB,Bank Transfer,1,29.63,4.8
ORD-101314,2025-04-24,Europe,Electronics,Smartwatch,6,1265.9,0,7595.4,Consumer,Apple Pay,7,9.41,3.7
ORD-100744,2025-04-24,Europe,Books,Cookbook,8,32.45,0,259.6,Consumer,Google Pay,13,37.72,3.9
ORD-101501,2025-04-24,Asia Pacific,Sports & Outdoors,Tent,5,282.0,10,1269.0,SMB,Credit Card,4,11.66,3.9
ORD-100763,2025-04-26,Asia Pacific,Electronics,Smartphone,5,1242.67,20,4970.68,Consumer,Google Pay,13,31.49,3.9
ORD-100784,2025-04-26,North America,Books,Fiction,8,24.03,0,192.24,Consumer,Google Pay,11,30.11,4.2
ORD-101810,2025-04-30,Latin America,Clothing,Jeans,1,83.69,15,71.14,SMB,PayPal,1,40.61,4.5
ORD-100481,2025-04-30,Asia Pacific,Home & Kitchen,Vacuum Cleaner,4,455.44,0,1821.76,Consumer,Bank Transfer,4,9.3,4.2
ORD-100647,2025-04-30,North America,Books,Cookbook,7,20.64,0,144.48,Enterprise,Apple Pay,3,11.55,3.4
ORD-100943,2025-04-30,Latin America,Electronics,Headphones,5,774.79,0,3873.95,Consumer,Credit Card,7,42.67,4.6
ORD-101039,2025-04-30,North America,Electronics,Camera,2,903.73,0,1807.46,Consumer,PayPal,8,44.69,3.8
ORD-100530,2025-04-30,Asia Pacific,Electronics,Smartphone,3,976.19,20,2342.86,Consumer,PayPal,8,39.8,5.0
ORD-101816,2025-05-01,Asia Pacific,Sports & Outdoors,Yoga Mat,5,435.34,0,2176.7,Consumer,PayPal,5,14.64,4.5
ORD-101884,2025-05-03,Asia Pacific,Clothing,Hoodie,9,135.92,5,1162.12,Consumer,Apple Pay,11,31.79,4.1
ORD-101165,2025-05-03,North America,Electronics,Laptop,7,1949.04,10,12278.95,SMB,Bank Transfer,7,35.63,5.0
ORD-101988,2025-05-04,North America,Sports & Outdoors,Tent,8,731.04,0,5848.32,Consumer,PayPal,5,49.14,5.0
ORD-101797,2025-05-05,Europe,Clothing,Jacket,3,114.42,0,343.26,SMB,PayPal,1,9.28,3.4
ORD-100631,2025-05-05,North America,Clothing,Sneakers,7,49.51,15,294.58,SMB,PayPal,3,40.25,3.5
ORD-101266,2025-05-05,Asia Pacific,Home & Kitchen,Microwave,3,495.0,5,1410.75,Consumer,Google Pay,11,47.2,3.9
ORD-101055,2025-05-05,Europe,Clothing,Jeans,1,146.86,0,146.86,SMB,Google Pay,3,21.44,4.1
ORD-101667,2025-05-06,Latin America,Books,Children's Book,5,31.6,15,134.3,Consumer,Google Pay,10,7.2,3.6
ORD-101877,2025-05-06,Asia Pacific,Sports & Outdoors,Tent,9,766.06,0,6894.54,Consumer,Apple Pay,9,15.22,5.0
ORD-100271,2025-05-06,North America,Books,Children's Book,4,10.13,0,40.52,Consumer,Credit Card,4,39.38,4.4
ORD-100877,2025-05-06,Europe,Sports & Outdoors,Running Shoes,8,295.71,5,2247.4,Consumer,Credit Card,7,24.11,4.3
ORD-100651,2025-05-07,Asia Pacific,Clothing,Jeans,7,146.16,10,920.81,Consumer,Google Pay,4,20.76,3.5
ORD-100921,2025-05-07,North America,Electronics,Smartphone,9,1112.94,0,10016.46,SMB,PayPal,8,31.16,3.5
ORD-101676,2025-05-08,North America,Electronics,Camera,6,970.56,20,4658.69,SMB,Bank Transfer,13,30.06,4.3
ORD-100412,2025-05-09,Asia Pacific,Books,Fiction,9,34.22,5,292.58,SMB,Google Pay,1,39.44,4.4
ORD-101626,2025-05-09,Latin America,Home & Kitchen,Vacuum Cleaner,4,117.23,0,468.92,Consumer,Bank Transfer,3,25.36,3.9
ORD-100478,2025-05-09,Europe,Clothing,Hoodie,2,18.92,15,32.16,Consumer,Bank Transfer,13,21.63,3.8
ORD-100008,2025-05-09,Latin America,Electronics,Tablet,4,586.25,0,2345.0,Consumer,Bank Transfer,12,18.21,3.4
ORD-100247,2025-05-12,North America,Clothing,Sneakers,5,149.03,0,745.15,Consumer,Google Pay,7,32.59,3.9
ORD-101857,2025-05-12,Asia Pacific,Clothing,Dress,9,73.61,20,529.99,Consumer,Bank Transfer,11,47.1,5.0
ORD-101099,2025-05-12,Europe,Books,Non-Fiction,1,20.07,10,18.06,SMB,Credit Card,4,41.75,3.6
ORD-101151,2025-05-13,Asia Pacific,Electronics,Smartwatch,2,603.82,20,966.11,Consumer,Credit Card,6,18.99,4.5
ORD-101529,2025-05-13,Europe,Clothing,T-Shirt,5,24.09,0,120.45,Consumer,Google Pay,5,20.8,4.0
ORD-100463,2025-05-14,Latin America,Home & Kitchen,Microwave,7,128.59,0,900.13,Consumer,Credit Card,6,47.5,3.3
ORD-101552,2025-05-15,North America,Clothing,Dress,5,105.14,0,525.7,Consumer,Apple Pay,13,29.65,4.7
ORD-101621,2025-05-15,Asia Pacific,Clothing,T-Shirt,9,109.93,10,890.43,Consumer,Apple Pay,13,42.72,4.2
ORD-101071,2025-05-15,Middle East,Books,Children's Book,2,17.42,20,27.87,Consumer,PayPal,8,34.23,4.7
ORD-100212,2025-05-15,North America,Electronics,Smartwatch,5,936.26,5,4447.23,Consumer,Credit Card,11,42.34,5.0
ORD-101573,2025-05-15,Asia Pacific,Electronics,Smartphone,1,1039.23,0,1039.23,Consumer,Credit Card,7,32.3,4.4
ORD-101297,2025-05-16,North America,Books,Children's Book,2,20.12,0,40.24,Consumer,Credit Card,5,23.85,3.3
ORD-100431,2025-05-16,North America,Electronics,Tablet,8,1623.21,20,10388.54,Consumer,PayPal,4,38.2,4.2
ORD-101429,2025-05-17,Middle East,Books,Children's Book,3,15.79,5,45.0,Consumer,Bank Transfer,6,19.96,3.9
ORD-100646,2025-05-17,North America,Electronics,Tablet,6,1774.82,5,10116.47,Consumer,PayPal,3,9.55,4.7
ORD-101842,2025-05-17,North America,Books,Children's Book,9,8.45,0,76.05,Enterprise,Apple Pay,11,42.25,4.3
ORD-101866,2025-05-17,North America,Home & Kitchen,Vacuum Cleaner,8,475.87,10,3426.26,Consumer,Google Pay,3,24.26,3.9
ORD-101987,2025-05-18,North America,Sports & Outdoors,Bike,8,465.92,15,3168.26,SMB,Credit Card,8,49.0,3.4
ORD-100923,2025-05-18,Europe,Books,Fiction,1,21.5,15,18.27,Consumer,Google Pay,3,36.24,4.1
ORD-101219,2025-05-19,Europe,Sports & Outdoors,Running Shoes,1,615.47,0,615.47,SMB,Apple Pay,2,35.74,4.3
ORD-101634,2025-05-19,Asia Pacific,Books,Cookbook,5,19.6,10,88.2,Consumer,Google Pay,8,36.74,4.0
ORD-101346,2025-05-19,Europe,Home & Kitchen,Vacuum Cleaner,8,375.14,20,2400.9,SMB,Bank Transfer,5,20.36,4.4
ORD-101932,2025-05-19,Europe,Home & Kitchen,Vacuum Cleaner,7,356.27,15,2119.81,Consumer,Google Pay,13,14.64,4.3
ORD-100949,2025-05-20,Latin America,Books,Cookbook,5,11.4,15,48.45,Consumer,Bank Transfer,7,20.26,3.9
ORD-100433,2025-05-20,Europe,Books,Fiction,6,24.21,0,145.26,SMB,Google Pay,6,7.13,3.5
ORD-101248,2025-05-21,Europe,Books,Biography,2,16.05,15,27.28,SMB,Google Pay,9,45.18,4.8
ORD-101409,2025-05-21,North America,Books,Non-Fiction,3,10.03,20,24.07,Consumer,Bank Transfer,4,39.37,4.2
ORD-100652,2025-05-21,North America,Electronics,Smartphone,6,1782.21,20,8554.61,SMB,PayPal,4,21.37,4.5
ORD-101048,2025-05-22,Europe,Clothing,Jeans,7,144.98,15,862.63,SMB,PayPal,1,48.27,4.5
ORD-101382,2025-05-22,Europe,Home & Kitchen,Vacuum Cleaner,4,268.2,5,1019.16,Consumer,PayPal,12,20.55,4.3
ORD-100891,2025-05-22,Asia Pacific,Electronics,Tablet,9,1830.31,15,14001.87,SMB,Google Pay,12,36.67,4.8
ORD-101824,2025-05-23,Europe,Home & Kitchen,Blender,5,407.21,15,1730.64,Consumer,PayPal,9,36.45,3.3
ORD-100648,2025-05-23,Asia Pacific,Clothing,Dress,4,48.69,0,194.76,Consumer,Bank Transfer,13,13.92,4.4
ORD-100401,2025-05-24,North America,Books,Fiction,3,30.96,20,74.3,SMB,Credit Card,6,28.79,4.5
ORD-101000,2025-05-24,Europe,Sports & Outdoors,Dumbbells,2,449.38,0,898.76,Consumer,Credit Card,7,11.13,4.3
ORD-101735,2025-05-25,Latin America,Books,Children's Book,1,11.03,0,11.03,SMB,Credit Card,7,39.38,3.5
ORD-101089,2025-05-25,North America,Electronics,Laptop,2,1740.86,0,3481.72,Enterprise,Bank Transfer,13,26.44,3.0
ORD-100425,2025-05-25,Europe,Books,Cookbook,4,30.56,10,110.02,SMB,PayPal,9,13.54,4.0
ORD-100595,2025-05-26,North America,Home & Kitchen,Blender,4,266.49,0,1065.96,Consumer,Google Pay,7,15.05,2.9
ORD-101078,2025-05-27,Middle East,Electronics,Headphones,4,1970.88,0,7883.52,SMB,Apple Pay,5,34.66,5.0
ORD-100125,2025-05-28,North America,Books,Children's Book,4,18.79,10,67.64,Consumer,Apple Pay,12,24.98,4.8
ORD-101073,2025-05-28,North America,Sports & Outdoors,Yoga Mat,1,359.63,20,287.7,SMB,Bank Transfer,1,15.73,5.0
ORD-101955,2025-05-29,Europe,Electronics,Laptop,3,1970.61,0,5911.83,SMB,PayPal,2,34.17,3.0
ORD-100166,2025-05-29,Latin America,Electronics,Camera,8,1182.22,0,9457.76,Enterprise,Bank Transfer,10,25.54,4.7
ORD-101525,2025-05-30,North America,Books,Cookbook,5,19.45,0,97.25,SMB,Bank Transfer,5,20.96,3.9
ORD-101612,2025-05-30,Europe,Books,Non-Fiction,8,29.81,10,214.63,Enterprise,Bank Transfer,13,31.92,4.1
ORD-101703,2025-05-30,Europe,Home & Kitchen,Microwave,2,485.11,10,873.2,Consumer,Credit Card,8,9.0,4.0
ORD-100962,2025-05-31,North America,Sports & Outdoors,Running Shoes,9,424.94,15,3250.79,Consumer,Apple Pay,5,49.14,4.0
ORD-100447,2025-05-31,Europe,Home & Kitchen,Vacuum Cleaner,8,296.85,0,2374.8,Consumer,Apple Pay,6,24.25,4.2
ORD-100466,2025-05-31,North America,Sports & Outdoors,Tent,2,427.07,15,726.02,Consumer,Credit Card,9,27.21,3.8
ORD-101865,2025-06-01,North America,Books,Biography,2,28.94,15,49.2,Consumer,Credit Card,1,11.19,3.3
ORD-101870,2025-06-01,North America,Electronics,Laptop,10,1238.69,20,9909.52,Consumer,Apple Pay,1,36.57,4.6
ORD-100297,2025-06-02,Middle East,Books,Biography,6,26.64,0,159.84,Consumer,Credit Card,11,5.56,4.0
ORD-101335,2025-06-02,Middle East,Home & Kitchen,Coffee Maker,9,234.02,0,2106.18,Consumer,Google Pay,1,18.53,4.2
ORD-100027,2025-06-04,Europe,Books,Fiction,1,19.32,20,15.46,Enterprise,Apple Pay,11,40.31,3.5
ORD-100625,2025-06-04,Europe,Home & Kitchen,Coffee Maker,6,98.28,0,589.68,Enterprise,Apple Pay,6,39.46,3.0
ORD-101180,2025-06-04,North America,Electronics,Smartphone,8,942.76,15,6410.77,Consumer,Google Pay,10,48.73,4.2
ORD-101374,2025-06-04,Europe,Books,Biography,2,21.59,0,43.18,Consumer,Credit Card,5,34.33,4.5
ORD-101370,2025-06-05,Europe,Sports & Outdoors,Dumbbells,6,542.23,5,3090.71,Consumer,Bank Transfer,7,14.71,4.4
ORD-100020,2025-06-05,North America,Home & Kitchen,Vacuum Cleaner,6,150.3,20,721.44,Consumer,Google Pay,13,45.13,3.7
ORD-100486,2025-06-05,Europe,Home & Kitchen,Coffee Maker,6,45.74,0,274.44,Consumer,PayPal,2,24.58,4.2
ORD-100205,2025-06-05,Europe,Sports & Outdoors,Tent,2,391.38,5,743.62,Consumer,Credit Card,12,20.73,3.8
ORD-100357,2025-06-05,Asia Pacific,Home & Kitchen,Microwave,6,389.42,5,2219.69,Enterprise,Credit Card,6,46.34,4.0
ORD-100086,2025-06-05,North America,Home & Kitchen,Vacuum Cleaner,1,358.15,5,340.24,Consumer,PayPal,2,10.04,4.5
ORD-100221,2025-06-06,North America,Books,Biography,4,17.01,0,68.04,Consumer,Bank Transfer,12,15.25,3.2
ORD-101503,2025-06-06,Europe,Electronics,Headphones,7,385.46,0,2698.22,Consumer,PayPal,13,47.69,3.5
ORD-101723,2025-06-06,Europe,Home & Kitchen,Vacuum Cleaner,6,469.53,15,2394.6,Enterprise,Google Pay,3,39.45,3.9
ORD-101553,2025-06-07,Europe,Electronics,Smartphone,8,1522.52,5,11571.15,SMB,Bank Transfer,9,14.3,2.7
ORD-100489,2025-06-08,Europe,Books,Fiction,4,18.91,5,71.86,Enterprise,PayPal,10,18.28,2.5
ORD-101363,2025-06-08,Europe,Books,Fiction,7,8.1,0,56.7,Consumer,Google Pay,11,11.52,3.5
ORD-100219,2025-06-08,Asia Pacific,Clothing,Hoodie,4,42.52,5,161.58,Consumer,Google Pay,6,49.33,5.0
ORD-101198,2025-06-08,North America,Books,Fiction,7,21.81,0,152.67,Consumer,PayPal,7,5.12,3.9
ORD-101592,2025-06-09,Asia Pacific,Electronics,Smartphone,9,877.6,0,7898.4,Consumer,Apple Pay,4,44.2,3.7
ORD-100532,2025-06-09,North America,Home & Kitchen,Vacuum Cleaner,7,256.3,5,1704.4,SMB,Bank Transfer,2,7.19,4.3
ORD-100574,2025-06-09,North America,Sports & Outdoors,Dumbbells,3,238.81,5,680.61,SMB,Bank Transfer,1,27.79,3.6
ORD-100217,2025-06-10,Europe,Home & Kitchen,Vacuum Cleaner,3,138.42,20,332.21,SMB,Bank Transfer,12,15.08,3.2
ORD-101896,2025-06-11,North America,Home & Kitchen,Coffee Maker,9,456.82,15,3494.67,Consumer,Google Pay,12,8.85,2.8
ORD-100214,2025-06-11,Europe,Books,Children's Book,8,9.94,0,79.52,Enterprise,Bank Transfer,8,48.3,4.4
ORD-101270,2025-06-11,Middle East,Books,Fiction,8,15.16,10,109.15,Consumer,PayPal,8,17.69,4.8
ORD-100451,2025-06-11,Asia Pacific,Electronics,Headphones,10,1926.38,5,18300.61,SMB,Bank Transfer,4,24.08,3.8
ORD-100857,2025-06-11,Europe,Books,Biography,10,31.73,5,301.44,Consumer,Credit Card,1,10.69,3.8
ORD-101698,2025-06-12,North America,Home & Kitchen,Vacuum Cleaner,3,469.94,0,1409.82,Consumer,PayPal,2,40.87,4.3
ORD-101402,2025-06-12,Europe,Clothing,Jacket,3,48.2,0,144.6,Consumer,Credit Card,8,24.72,4.6
ORD-100333,2025-06-12,Asia Pacific,Clothing,Jeans,7,65.18,0,456.26,Consumer,Bank Transfer,6,14.42,4.9
ORD-100622,2025-06-13,Europe,Home & Kitchen,Blender,3,73.5,15,187.42,SMB,Bank Transfer,3,33.45,3.9
ORD-101105,2025-06-14,Latin America,Books,Non-Fiction,7,14.66,20,82.1,Consumer,Google Pay,6,28.75,3.8
ORD-101231,2025-06-14,Middle East,Sports & Outdoors,Bike,3,120.34,0,361.02,SMB,Google Pay,4,47.75,3.2
ORD-100399,2025-06-15,Latin America,Clothing,Hoodie,6,85.66,20,411.17,SMB,Bank Transfer,7,27.77,4.4
ORD-101948,2025-06-15,Europe,Home & Kitchen,Vacuum Cleaner,3,90.22,10,243.59,Consumer,Credit Card,8,6.16,4.7
ORD-101457,2025-06-16,Latin America,Sports & Outdoors,Bike,8,629.28,20,4027.39,SMB,Google Pay,13,5.12,4.5
ORD-101014,2025-06-16,North America,Home & Kitchen,Vacuum Cleaner,4,282.43,0,1129.72,Enterprise,Credit Card,3,19.46,4.4
ORD-101661,2025-06-16,North America,Clothing,Jeans,3,75.23,20,180.55,Consumer,Apple Pay,11,43.32,3.9
ORD-100366,2025-06-18,North America,Electronics,Camera,3,796.25,15,2030.44,Consumer,Bank Transfer,4,36.0,3.8
ORD-100349,2025-06-18,Asia Pacific,Home & Kitchen,Microwave,4,267.69,15,910.15,SMB,PayPal,10,32.61,4.3
ORD-100360,2025-06-18,Middle East,Electronics,Laptop,8,1007.22,0,8057.76,SMB,Credit Card,2,45.81,5.0
ORD-101147,2025-06-19,Asia Pacific,Clothing,T-Shirt,7,65.48,15,389.61,Consumer,Bank Transfer,11,10.32,5.0
ORD-101235,2025-06-20,North America,Clothing,Hoodie,7,137.37,15,817.35,Consumer,PayPal,12,48.3,3.8
ORD-100416,2025-06-20,Latin America,Clothing,Jacket,6,149.68,0,898.08,SMB,Credit Card,4,28.37,4.6
ORD-101465,2025-06-20,Europe,Books,Children's Book,6,20.76,20,99.65,Consumer,Apple Pay,11,34.41,5.0
ORD-101369,2025-06-21,North America,Home & Kitchen,Microwave,1,392.86,0,392.86,Consumer,Credit Card,10,36.59,3.7
ORD-101178,2025-06-23,Europe,Sports & Outdoors,Tent,10,719.34,20,5754.72,Consumer,Apple Pay,3,33.07,4.5
ORD-101232,2025-06-23,Asia Pacific,Clothing,Sneakers,10,132.29,0,1322.9,SMB,PayPal,3,7.35,3.9
ORD-100861,2025-06-24,North America,Sports & Outdoors,Running Shoes,10,521.06,5,4950.07,Enterprise,Credit Card,8,44.51,4.3
ORD-100372,2025-06-24,North America,Books,Fiction,8,34.58,5,262.81,SMB,Apple Pay,10,27.83,4.7
ORD-100170,2025-06-25,Latin America,Books,Biography,2,29.62,20,47.39,Enterprise,Apple Pay,2,15.17,5.0
ORD-100523,2025-06-26,North America,Home & Kitchen,Blender,8,100.02,10,720.14,SMB,Apple Pay,6,19.72,4.0
ORD-101844,2025-06-27,North America,Clothing,Dress,8,96.59,10,695.45,SMB,PayPal,8,43.72,2.7
ORD-101326,2025-06-28,Latin America,Clothing,Hoodie,6,129.75,20,622.8,SMB,Apple Pay,4,49.44,4.3
ORD-100385,2025-06-29,Europe,Electronics,Smartphone,2,369.61,0,739.22,SMB,Credit Card,6,24.5,3.4
ORD-100311,2025-06-29,Asia Pacific,Electronics,Camera,3,956.29,15,2438.54,Consumer,Google Pay,13,30.45,4.5
ORD-100984,2025-06-30,North America,Clothing,T-Shirt,7,29.62,15,176.24,Consumer,PayPal,5,24.32,3.6
ORD-101744,2025-06-30,North America,Clothing,Dress,3,107.89,0,323.67,Consumer,PayPal,8,5.14,4.0
ORD-101554,2025-07-01,North America,Electronics,Tablet,8,624.77,0,4998.16,Consumer,Credit Card,2,18.43,2.8
ORD-100882,2025-07-04,Asia Pacific,Books,Cookbook,8,21.84,0,174.72,Consumer,Google Pay,12,20.83,3.9
ORD-101019,2025-07-05,Asia Pacific,Books,Biography,4,11.67,10,42.01,SMB,Bank Transfer,4,40.15,4.2
ORD-101982,2025-07-05,Middle East,Home & Kitchen,Air Fryer,1,391.19,0,391.19,Enterprise,Apple Pay,2,5.48,4.6
ORD-100480,2025-07-05,North America,Electronics,Tablet,1,1576.66,10,1418.99,Consumer,Google Pay,3,32.98,4.7
ORD-100156,2025-07-05,Middle East,Electronics,Tablet,8,1093.86,0,8750.88,Enterprise,Bank Transfer,12,31.74,3.6
ORD-101845,2025-07-06,Latin America,Clothing,T-Shirt,10,131.02,15,1113.67,Consumer,Apple Pay,5,46.66,4.5
ORD-101750,2025-07-07,North America,Home & Kitchen,Air Fryer,4,318.44,0,1273.76,Consumer,Bank Transfer,3,41.8,3.8
ORD-101254,2025-07-07,Asia Pacific,Clothing,Jacket,9,124.92,20,899.42,Consumer,Google Pay,10,26.62,4.8
ORD-101365,2025-07-07,North America,Electronics,Smartphone,10,576.6,20,4612.8,SMB,Bank Transfer,9,15.28,4.5
ORD-100930,2025-07-07,North America,Home & Kitchen,Microwave,9,300.68,0,2706.12,Consumer,Google Pay,3,36.18,3.7
ORD-101633,2025-07-07,Europe,Electronics,Camera,10,384.39,20,3075.12,Consumer,PayPal,8,47.89,3.9
ORD-100325,2025-07-08,Latin America,Sports & Outdoors,Running Shoes,3,146.19,15,372.78,Consumer,PayPal,10,34.19,3.6
ORD-101826,2025-07-08,Latin America,Sports & Outdoors,Bike,1,724.31,0,724.31,Consumer,Apple Pay,7,28.63,5.0
ORD-101851,2025-07-08,Middle East,Clothing,Jacket,2,129.32,0,258.64,Consumer,Credit Card,6,31.41,3.9
ORD-101238,2025-07-09,Europe,Home & Kitchen,Microwave,9,305.96,0,2753.64,Consumer,PayPal,3,46.77,3.7
ORD-101077,2025-07-09,Europe,Home & Kitchen,Coffee Maker,10,454.23,20,3633.84,Consumer,Bank Transfer,11,24.22,4.2
ORD-100655,2025-07-09,North America,Books,Biography,6,26.85,0,161.1,SMB,Apple Pay,10,30.59,3.4
ORD-101623,2025-07-10,North America,Books,Biography,1,19.13,0,19.13,Consumer,Google Pay,6,38.21,3.3
ORD-100402,2025-07-10,Europe,Electronics,Camera,9,1863.72,0,16773.48,Consumer,Google Pay,6,8.42,2.4
ORD-100289,2025-07-11,Asia Pacific,Home & Kitchen,Air Fryer,1,134.22,15,114.09,Consumer,Google Pay,8,25.08,3.9
ORD-100835,2025-07-11,Asia Pacific,Books,Children's Book,7,32.2,0,225.4,Consumer,PayPal,9,5.31,4.2
ORD-100918,2025-07-12,North America,Clothing,Sneakers,7,93.04,20,521.02,Enterprise,PayPal,12,11.6,4.8
ORD-100673,2025-07-12,Asia Pacific,Books,Fiction,10,33.71,10,303.39,Enterprise,Credit Card,5,33.82,3.4
ORD-100565,2025-07-13,North America,Home & Kitchen,Microwave,1,231.17,0,231.17,Consumer,Google Pay,8,37.15,3.7
ORD-100134,2025-07-13,Asia Pacific,Sports & Outdoors,Running Shoes,9,345.0,0,3105.0,SMB,PayPal,3,11.48,3.3
ORD-100283,2025-07-13,North America,Clothing,Jacket,10,87.55,5,831.72,Consumer,Google Pay,7,46.92,3.6
ORD-101511,2025-07-13,North America,Clothing,Jeans,2,136.7,0,273.4,SMB,Bank Transfer,5,40.99,3.8
ORD-101906,2025-07-13,North America,Sports & Outdoors,Tent,9,31.41,5,268.56,Consumer,PayPal,8,41.66,4.5
ORD-101563,2025-07-13,North America,Clothing,Sneakers,1,38.63,0,38.63,Consumer,Bank Transfer,10,13.84,4.4
ORD-100887,2025-07-14,Latin America,Electronics,Smartphone,7,778.81,15,4633.92,Enterprise,Credit Card,4,24.8,3.2
ORD-101243,2025-07-15,North America,Electronics,Camera,10,450.03,10,4050.27,SMB,Bank Transfer,9,41.1,4.3
ORD-100890,2025-07-15,Europe,Sports & Outdoors,Tent,2,636.71,0,1273.42,Consumer,Bank Transfer,10,24.77,4.9
ORD-100757,2025-07-15,North America,Electronics,Smartphone,10,712.37,5,6767.52,SMB,Google Pay,10,37.57,3.0
ORD-101872,2025-07-15,Asia Pacific,Clothing,Dress,3,72.44,0,217.32,SMB,Google Pay,6,38.88,3.8
ORD-100522,2025-07-15,Asia Pacific,Home & Kitchen,Air Fryer,6,290.72,15,1482.67,Enterprise,Credit Card,12,28.76,4.5
ORD-101796,2025-07-15,Asia Pacific,Home & Kitchen,Blender,3,345.99,5,986.07,SMB,PayPal,4,43.99,4.0
ORD-100726,2025-07-16,Europe,Electronics,Laptop,8,1495.03,0,11960.24,SMB,PayPal,3,13.77,4.5
ORD-101590,2025-07-16,North America,Electronics,Headphones,9,1971.62,20,14195.66,Consumer,PayPal,5,7.73,4.5
ORD-100960,2025-07-16,North America,Books,Non-Fiction,7,22.57,0,157.99,SMB,PayPal,3,22.96,3.9
ORD-101860,2025-07-16,Middle East,Home & Kitchen,Microwave,3,408.52,5,1164.28,Enterprise,Bank Transfer,3,36.6,4.2
ORD-101275,2025-07-17,North America,Electronics,Tablet,6,903.84,15,4609.58,Consumer,Bank Transfer,8,6.5,4.1
ORD-100959,2025-07-18,Asia Pacific,Sports & Outdoors,Dumbbells,9,326.43,20,2350.3,Consumer,Credit Card,8,45.2,3.8
ORD-100487,2025-07-20,Europe,Electronics,Tablet,6,649.98,5,3704.89,Consumer,Apple Pay,8,45.85,4.0
ORD-101681,2025-07-20,North America,Home & Kitchen,Blender,8,246.04,10,1771.49,Consumer,Apple Pay,13,15.47,4.4
ORD-100384,2025-07-20,Europe,Books,Cookbook,8,30.13,0,241.04,Consumer,Bank Transfer,9,6.51,4.3
ORD-101286,2025-07-20,Latin America,Home & Kitchen,Air Fryer,8,463.81,20,2968.38,Consumer,Google Pay,5,14.82,3.8
ORD-100678,2025-07-21,Middle East,Books,Biography,6,27.55,20,132.24,Enterprise,Credit Card,2,15.96,3.2
ORD-100935,2025-07-21,Asia Pacific,Clothing,T-Shirt,8,124.91,5,949.32,Consumer,PayPal,1,11.75,4.1
ORD-100264,2025-07-22,Middle East,Clothing,Hoodie,8,66.15,0,529.2,Consumer,Bank Transfer,12,7.64,3.7
ORD-101814,2025-07-22,Asia Pacific,Books,Cookbook,4,17.66,20,56.51,Consumer,Bank Transfer,3,41.86,4.6
ORD-100285,2025-07-22,Europe,Home & Kitchen,Vacuum Cleaner,10,419.25,15,3563.62,Consumer,Google Pay,10,31.44,3.9
ORD-100405,2025-07-22,Asia Pacific,Books,Fiction,2,8.95,20,14.32,Enterprise,Credit Card,12,40.63,4.5
ORD-101358,2025-07-22,Europe,Clothing,Sneakers,6,114.0,0,684.0,SMB,Bank Transfer,10,45.59,2.4
ORD-100624,2025-07-23,Europe,Home & Kitchen,Coffee Maker,4,48.81,0,195.24,Consumer,Google Pay,11,43.87,4.6
ORD-101160,2025-07-23,Latin America,Electronics,Camera,7,822.57,0,5757.99,SMB,PayPal,11,46.18,3.7
ORD-101954,2025-07-24,Asia Pacific,Books,Non-Fiction,9,21.25,20,153.0,Consumer,Credit Card,12,24.66,4.8
ORD-101776,2025-07-24,Europe,Electronics,Tablet,9,1101.36,10,8921.02,Consumer,Bank Transfer,9,47.52,4.0
ORD-100039,2025-07-24,Asia Pacific,Sports & Outdoors,Yoga Mat,7,499.22,0,3494.54,Consumer,Bank Transfer,13,48.15,4.0
ORD-100806,2025-07-26,Europe,Electronics,Tablet,7,1214.26,5,8074.83,Consumer,Apple Pay,2,27.5,5.0
ORD-100409,2025-07-28,Europe,Home & Kitchen,Vacuum Cleaner,9,380.68,0,3426.12,Consumer,Google Pay,1,32.45,2.7
ORD-100756,2025-07-28,North America,Sports & Outdoors,Bike,9,653.99,15,5003.02,SMB,PayPal,1,39.23,5.0
ORD-100128,2025-07-28,Europe,Home & Kitchen,Vacuum Cleaner,7,165.98,0,1161.86,Consumer,PayPal,9,43.73,4.9
ORD-100884,2025-07-28,North America,Electronics,Smartwatch,1,904.3,10,813.87,Enterprise,Credit Card,5,10.82,4.1
ORD-100692,2025-07-28,North America,Books,Non-Fiction,2,30.7,5,58.33,SMB,Bank Transfer,10,40.9,3.9
ORD-101986,2025-07-29,North America,Home & Kitchen,Microwave,2,102.05,15,173.48,Consumer,Google Pay,1,31.81,4.1
ORD-101487,2025-07-30,Europe,Books,Cookbook,7,9.83,10,61.93,SMB,Apple Pay,4,11.35,3.8
ORD-100803,2025-07-30,North America,Electronics,Smartwatch,3,810.65,10,2188.76,Consumer,Credit Card,6,47.91,4.5
ORD-101825,2025-07-30,Asia Pacific,Books,Non-Fiction,9,24.18,10,195.86,Consumer,Apple Pay,12,7.51,3.5
ORD-100544,2025-07-31,North America,Books,Children's Book,1,17.19,0,17.19,Consumer,Apple Pay,2,26.32,3.1
ORD-101558,2025-07-31,Europe,Home & Kitchen,Air Fryer,7,449.67,10,2832.92,Enterprise,PayPal,11,18.95,4.4
ORD-101701,2025-08-01,Middle East,Home & Kitchen,Microwave,4,160.91,10,579.28,Consumer,Bank Transfer,7,9.64,4.4
ORD-100749,2025-08-02,Latin America,Home & Kitchen,Vacuum Cleaner,7,383.96,0,2687.72,Consumer,Credit Card,2,14.07,4.5
ORD-101167,2025-08-02,North America,Sports & Outdoors,Dumbbells,3,633.36,10,1710.07,Consumer,Apple Pay,11,33.43,3.1
ORD-100364,2025-08-02,Europe,Books,Non-Fiction,7,26.25,10,165.38,Consumer,PayPal,4,16.48,4.5
ORD-101755,2025-08-02,North America,Electronics,Smartphone,1,1507.77,0,1507.77,Consumer,Bank Transfer,12,15.57,4.4
ORD-100453,2025-08-02,North America,Electronics,Tablet,9,250.8,10,2031.48,Enterprise,Bank Transfer,5,16.58,4.5
ORD-101903,2025-08-03,Europe,Sports & Outdoors,Bike,7,361.21,10,2275.62,Consumer,PayPal,7,42.06,4.3
ORD-101134,2025-08-03,North America,Sports & Outdoors,Tent,4,301.56,0,1206.24,SMB,Apple Pay,12,48.46,3.3
ORD-100997,2025-08-04,Europe,Clothing,Hoodie,1,69.57,20,55.66,Consumer,Credit Card,3,30.05,4.8
ORD-101163,2025-08-04,North America,Sports & Outdoors,Bike,9,268.72,20,1934.78,SMB,Google Pay,12,19.71,4.4
ORD-100269,2025-08-04,Asia Pacific,Home & Kitchen,Blender,8,170.59,0,1364.72,Consumer,Google Pay,1,47.7,4.7
ORD-101342,2025-08-05,Asia Pacific,Sports & Outdoors,Bike,2,47.37,5,90.0,Consumer,Apple Pay,7,15.73,4.6
ORD-100216,2025-08-05,North America,Electronics,Smartphone,7,477.71,0,3343.97,SMB,Google Pay,6,23.55,4.3
ORD-100964,2025-08-05,North America,Clothing,T-Shirt,10,105.15,15,893.78,Consumer,Apple Pay,3,23.65,5.0
ORD-101509,2025-08-06,Europe,Sports & Outdoors,Yoga Mat,10,212.07,20,1696.56,Consumer,PayPal,2,30.54,4.1
ORD-100562,2025-08-06,North America,Books,Non-Fiction,2,26.48,5,50.31,Consumer,Bank Transfer,7,13.17,4.9
ORD-100659,2025-08-06,Europe,Sports & Outdoors,Bike,9,509.16,0,4582.44,SMB,Google Pay,8,24.93,3.6
ORD-100184,2025-08-06,Europe,Electronics,Headphones,6,1089.77,5,6211.69,Consumer,Bank Transfer,13,15.13,3.4
ORD-101059,2025-08-06,Europe,Clothing,Jeans,7,149.03,20,834.57,SMB,PayPal,7,42.21,4.3
ORD-101717,2025-08-07,Asia Pacific,Books,Non-Fiction,9,9.23,15,70.61,Consumer,Bank Transfer,9,30.09,5.0
ORD-100490,2025-08-09,Asia Pacific,Books,Fiction,7,24.52,5,163.06,SMB,Google Pay,11,36.47,4.7
ORD-100138,2025-08-09,Asia Pacific,Clothing,Jeans,4,44.59,10,160.52,Consumer,PayPal,5,12.89,4.5
ORD-100518,2025-08-09,Europe,Books,Non-Fiction,2,14.94,20,23.9,Consumer,Apple Pay,9,18.72,4.4
ORD-101476,2025-08-09,Europe,Sports & Outdoors,Running Shoes,7,214.52,15,1276.39,Consumer,Apple Pay,5,26.1,2.9
ORD-100768,2025-08-11,Europe,Clothing,Sneakers,3,129.18,20,310.03,SMB,Credit Card,4,15.81,4.7
ORD-100380,2025-08-11,North America,Home & Kitchen,Vacuum Cleaner,10,294.59,10,2651.31,Consumer,Google Pay,4,41.09,4.8
ORD-101069,2025-08-11,Asia Pacific,Sports & Outdoors,Bike,6,177.19,5,1009.98,Consumer,Apple Pay,13,27.4,5.0
ORD-100259,2025-08-12,Europe,Clothing,T-Shirt,8,29.06,20,185.98,SMB,PayPal,7,8.95,4.8
ORD-101620,2025-08-13,North America,Books,Non-Fiction,2,23.02,10,41.44,Consumer,Bank Transfer,1,48.32,4.4
ORD-101530,2025-08-13,Latin America,Electronics,Camera,2,208.11,15,353.79,SMB,Apple Pay,9,48.9,3.4
ORD-100986,2025-08-14,North America,Books,Children's Book,10,29.49,5,280.15,Consumer,Bank Transfer,9,42.14,4.4
ORD-101625,2025-08-14,North America,Clothing,Sneakers,4,31.05,15,105.57,SMB,PayPal,4,26.93,4.0
ORD-101261,2025-08-15,Asia Pacific,Books,Children's Book,7,29.32,0,205.24,SMB,Google Pay,7,42.6,5.0
ORD-101435,2025-08-15,North America,Electronics,Smartwatch,7,1500.63,0,10504.41,Consumer,Apple Pay,7,32.43,4.0
ORD-101827,2025-08-15,Middle East,Books,Non-Fiction,8,8.08,0,64.64,Consumer,Apple Pay,10,18.88,4.0
ORD-100400,2025-08-16,North America,Electronics,Smartwatch,7,441.16,5,2933.71,Consumer,Bank Transfer,6,40.41,3.5
ORD-100449,2025-08-16,Europe,Home & Kitchen,Blender,9,184.09,20,1325.45,Consumer,Bank Transfer,9,26.16,4.2
ORD-101380,2025-08-18,Middle East,Books,Children's Book,7,26.06,15,155.06,Consumer,Apple Pay,3,24.32,4.5
ORD-100218,2025-08-18,Middle East,Home & Kitchen,Blender,3,153.55,10,414.58,Enterprise,Bank Transfer,5,43.7,4.5
ORD-100396,2025-08-18,Middle East,Clothing,Dress,1,138.58,5,131.65,Consumer,Bank Transfer,7,30.06,5.0
ORD-100514,2025-08-18,North America,Sports & Outdoors,Dumbbells,1,427.16,15,363.09,Consumer,PayPal,7,18.65,2.8
ORD-101515,2025-08-18,Asia Pacific,Clothing,Hoodie,2,34.92,20,55.87,SMB,PayPal,5,27.84,4.5
ORD-100551,2025-08-19,Europe,Clothing,Jacket,4,105.26,0,421.04,Consumer,Google Pay,11,25.0,4.3
ORD-101367,2025-08-20,North America,Electronics,Tablet,2,1295.84,10,2332.51,Consumer,PayPal,5,42.53,3.7
ORD-100808,2025-08-20,Europe,Sports & Outdoors,Bike,10,351.96,10,3167.64,SMB,PayPal,7,7.87,5.0
ORD-101450,2025-08-20,North America,Sports & Outdoors,Running Shoes,6,380.15,15,1938.76,Consumer,Apple Pay,1,46.47,4.0
ORD-100275,2025-08-20,Asia Pacific,Electronics,Smartwatch,10,319.52,20,2556.16,Consumer,PayPal,1,43.41,4.1
ORD-100197,2025-08-20,Asia Pacific,Electronics,Camera,10,1149.42,15,9770.07,SMB,Apple Pay,4,15.73,4.7
ORD-100232,2025-08-20,Latin America,Clothing,Dress,10,114.11,0,1141.1,Consumer,PayPal,11,32.84,3.3
ORD-100715,2025-08-21,Middle East,Electronics,Laptop,2,1309.27,10,2356.69,Consumer,Bank Transfer,1,33.73,4.5
ORD-100684,2025-08-21,North America,Home & Kitchen,Blender,6,402.16,0,2412.96,Consumer,Apple Pay,9,9.34,4.1
ORD-100231,2025-08-22,Middle East,Clothing,Jacket,6,83.83,0,502.98,SMB,Credit Card,5,14.88,4.4
ORD-100971,2025-08-23,Asia Pacific,Sports & Outdoors,Tent,3,142.43,20,341.83,Consumer,Apple Pay,5,38.64,4.8
ORD-100485,2025-08-23,North America,Electronics,Tablet,2,1118.59,5,2125.32,Consumer,Credit Card,12,40.81,3.5
ORD-100765,2025-08-23,Europe,Books,Non-Fiction,1,16.21,20,12.97,Consumer,Google Pay,3,49.98,5.0
ORD-101508,2025-08-24,Asia Pacific,Home & Kitchen,Air Fryer,2,281.62,5,535.08,Consumer,Bank Transfer,10,48.74,5.0
ORD-101195,2025-08-24,North America,Clothing,Dress,3,132.86,10,358.72,Consumer,PayPal,1,31.09,4.8
ORD-100497,2025-08-24,Latin America,Books,Fiction,6,12.64,0,75.84,Consumer,Apple Pay,9,42.27,3.8
ORD-100226,2025-08-25,Europe,Electronics,Laptop,4,1480.54,0,5922.16,SMB,Credit Card,9,41.47,3.4
ORD-100174,2025-08-25,Middle East,Clothing,Jeans,3,101.08,10,272.92,Consumer,Credit Card,4,7.71,4.0
ORD-100724,2025-08-26,Europe,Clothing,Hoodie,4,109.3,10,393.48,Consumer,Google Pay,11,49.58,3.8
ORD-100276,2025-08-26,Europe,Home & Kitchen,Air Fryer,6,230.33,0,1381.98,Consumer,Apple Pay,6,42.38,4.8
ORD-101181,2025-08-27,North America,Books,Children's Book,10,21.07,15,179.1,Consumer,Apple Pay,13,48.2,4.2
ORD-100199,2025-08-27,Middle East,Home & Kitchen,Air Fryer,4,118.61,15,403.27,SMB,Google Pay,12,20.84,5.0
ORD-100177,2025-08-27,North America,Clothing,Jeans,4,115.6,0,462.4,SMB,Credit Card,10,17.27,3.9
ORD-101483,2025-08-27,North America,Books,Biography,9,33.72,5,288.31,SMB,Apple Pay,1,28.65,4.4
ORD-100742,2025-08-27,Asia Pacific,Sports & Outdoors,Dumbbells,1,486.11,0,486.11,Consumer,Credit Card,1,24.66,4.1
ORD-101005,2025-08-28,Latin America,Sports & Outdoors,Running Shoes,4,257.68,0,1030.72,Consumer,Bank Transfer,6,45.41,3.5
ORD-101950,2025-08-28,Europe,Sports & Outdoors,Dumbbells,7,627.84,0,4394.88,SMB,Apple Pay,5,36.44,3.7
ORD-100874,2025-08-28,Europe,Books,Biography,7,17.97,10,113.21,Consumer,Bank Transfer,4,32.14,4.5
ORD-101822,2025-08-29,North America,Books,Non-Fiction,4,29.55,0,118.2,Enterprise,Bank Transfer,2,47.57,4.4
ORD-101673,2025-08-29,Middle East,Sports & Outdoors,Bike,1,31.82,20,25.46,Consumer,Google Pay,6,42.88,3.8
ORD-100950,2025-08-30,Latin America,Electronics,Laptop,3,1982.4,5,5649.84,Consumer,Credit Card,5,46.92,3.8
ORD-101209,2025-08-30,Europe,Home & Kitchen,Air Fryer,9,494.06,0,4446.54,SMB,Google Pay,8,32.23,3.5
ORD-101135,2025-08-31,North America,Sports & Outdoors,Running Shoes,9,740.57,20,5332.1,Enterprise,Bank Transfer,13,23.09,4.7
ORD-100876,2025-08-31,North America,Electronics,Headphones,10,1915.01,0,19150.1,Consumer,Credit Card,4,12.98,3.8
ORD-100392,2025-08-31,Asia Pacific,Sports & Outdoors,Dumbbells,2,100.74,10,181.33,SMB,Bank Transfer,12,22.67,4.8
ORD-101169,2025-09-03,Europe,Electronics,Tablet,3,803.97,5,2291.31,Consumer,Credit Card,13,5.45,4.1
ORD-100538,2025-09-03,Latin America,Sports & Outdoors,Bike,7,619.87,0,4339.09,SMB,Bank Transfer,12,27.35,4.0
ORD-101729,2025-09-03,North America,Sports & Outdoors,Yoga Mat,2,598.22,10,1076.8,SMB,Google Pay,7,40.41,4.9
ORD-101880,2025-09-04,Middle East,Electronics,Camera,7,1906.34,0,13344.38,Enterprise,Apple Pay,4,33.16,3.7
ORD-101373,2025-09-04,Asia Pacific,Books,Non-Fiction,5,16.28,15,69.19,Consumer,Bank Transfer,11,22.54,3.2
ORD-101183,2025-09-04,Europe,Clothing,Jeans,6,111.94,10,604.48,Consumer,Apple Pay,2,34.51,4.4
ORD-100191,2025-09-05,Europe,Home & Kitchen,Coffee Maker,6,121.88,0,731.28,SMB,Bank Transfer,9,49.23,3.6
ORD-101479,2025-09-05,Asia Pacific,Sports & Outdoors,Tent,8,525.66,0,4205.28,Enterprise,Credit Card,12,14.18,3.6
ORD-101611,2025-09-05,North America,Home & Kitchen,Microwave,8,245.9,10,1770.48,Enterprise,Apple Pay,9,24.54,3.8
ORD-101412,2025-09-05,North America,Sports & Outdoors,Dumbbells,5,288.87,20,1155.48,SMB,Bank Transfer,2,19.33,4.5
ORD-101130,2025-09-06,Latin America,Books,Fiction,7,14.07,0,98.49,SMB,PayPal,10,15.41,3.6
ORD-101990,2025-09-06,Asia Pacific,Books,Biography,3,31.92,15,81.4,Consumer,Bank Transfer,8,29.21,4.5
ORD-101102,2025-09-06,North America,Clothing,Hoodie,8,125.4,0,1003.2,SMB,PayPal,4,14.5,4.7
ORD-100464,2025-09-08,Latin America,Books,Fiction,1,24.02,0,24.02,Consumer,Google Pay,5,10.84,4.2
ORD-101491,2025-09-08,Asia Pacific,Sports & Outdoors,Tent,5,438.13,15,1862.05,SMB,Bank Transfer,5,15.63,3.6
ORD-101536,2025-09-09,North America,Books,Fiction,5,27.68,5,131.48,SMB,PayPal,8,36.07,3.9
ORD-101528,2025-09-09,North America,Electronics,Camera,7,1008.37,10,6352.73,SMB,PayPal,11,10.06,3.7
ORD-101647,2025-09-10,Europe,Home & Kitchen,Vacuum Cleaner,8,142.19,5,1080.64,SMB,Apple Pay,12,43.04,3.8
ORD-101036,2025-09-10,Middle East,Books,Children's Book,8,31.65,0,253.2,Consumer,Apple Pay,1,30.0,4.5
ORD-101079,2025-09-11,North America,Books,Cookbook,9,15.9,5,135.94,Consumer,PayPal,2,16.04,4.3
ORD-101835,2025-09-11,Europe,Home & Kitchen,Vacuum Cleaner,1,145.06,5,137.81,Consumer,Bank Transfer,6,5.18,3.1
ORD-101688,2025-09-11,Europe,Books,Cookbook,1,9.31,0,9.31,Consumer,Apple Pay,12,35.63,3.1
ORD-101113,2025-09-11,Middle East,Sports & Outdoors,Bike,5,773.62,0,3868.1,SMB,Apple Pay,10,33.94,4.0
ORD-100512,2025-09-12,North America,Clothing,Hoodie,6,147.14,20,706.27,Consumer,Apple Pay,6,24.44,4.0
ORD-100153,2025-09-12,Asia Pacific,Clothing,Sneakers,2,140.21,10,252.38,Consumer,Apple Pay,13,46.58,4.0
ORD-100556,2025-09-12,North America,Books,Fiction,1,11.54,0,11.54,Consumer,Apple Pay,5,8.22,4.2
ORD-101464,2025-09-13,North America,Home & Kitchen,Coffee Maker,7,131.31,10,827.25,Consumer,PayPal,5,30.59,4.6
ORD-101837,2025-09-13,North America,Sports & Outdoors,Dumbbells,4,46.46,10,167.26,SMB,Google Pay,9,48.54,4.0
ORD-101316,2025-09-13,North America,Sports & Outdoors,Running Shoes,2,500.63,15,851.07,Consumer,Apple Pay,13,44.92,3.9
ORD-100458,2025-09-14,Asia Pacific,Books,Non-Fiction,5,18.11,5,86.02,SMB,Apple Pay,10,28.01,4.2
ORD-100579,2025-09-14,North America,Books,Biography,5,14.77,10,66.46,Consumer,Google Pay,10,13.45,4.1
ORD-100179,2025-09-16,North America,Sports & Outdoors,Yoga Mat,8,298.99,5,2272.32,Consumer,PayPal,5,29.76,4.1
ORD-100620,2025-09-16,North America,Sports & Outdoors,Dumbbells,3,789.21,0,2367.63,Consumer,PayPal,8,18.82,4.1
ORD-100504,2025-09-17,Europe,Clothing,Dress,8,69.4,0,555.2,Consumer,Bank Transfer,11,37.12,3.5
ORD-101010,2025-09-17,Europe,Electronics,Smartphone,3,1978.21,5,5637.9,Consumer,Apple Pay,12,11.95,3.9
ORD-100284,2025-09-18,Latin America,Electronics,Laptop,2,1577.58,15,2681.89,SMB,Credit Card,1,33.42,4.6
ORD-100098,2025-09-18,Europe,Clothing,Jeans,7,147.76,0,1034.32,Consumer,Bank Transfer,5,23.36,3.7
ORD-100552,2025-09-18,North America,Home & Kitchen,Microwave,4,92.93,15,315.96,Consumer,PayPal,1,40.71,4.1
ORD-100251,2025-09-19,Asia Pacific,Clothing,Hoodie,2,73.64,15,125.19,Consumer,Credit Card,13,49.74,3.2
ORD-101808,2025-09-19,North America,Sports & Outdoors,Tent,3,152.78,0,458.34,Enterprise,PayPal,1,38.66,3.3
ORD-101670,2025-09-19,Latin America,Electronics,Smartwatch,3,1594.88,0,4784.64,Consumer,PayPal,8,13.87,3.8
ORD-100107,2025-09-19,Middle East,Books,Children's Book,6,34.58,20,165.98,Consumer,Bank Transfer,2,29.88,5.0
ORD-101228,2025-09-19,Asia Pacific,Books,Children's Book,9,25.87,0,232.83,Consumer,Credit Card,2,13.98,3.4
ORD-101752,2025-09-19,North America,Sports & Outdoors,Tent,5,343.55,5,1631.86,SMB,PayPal,8,6.21,5.0
ORD-101976,2025-09-21,North America,Home & Kitchen,Air Fryer,6,412.68,0,2476.08,Consumer,Credit Card,5,39.91,3.5
ORD-100722,2025-09-21,Europe,Sports & Outdoors,Dumbbells,7,299.6,20,1677.76,Consumer,PayPal,7,5.18,4.8
ORD-100601,2025-09-21,Europe,Clothing,Dress,6,99.06,0,594.36,Consumer,Apple Pay,8,24.78,4.1
ORD-101362,2025-09-21,Middle East,Electronics,Laptop,8,429.61,20,2749.5,Consumer,PayPal,5,22.69,5.0
ORD-101500,2025-09-23,Asia Pacific,Electronics,Camera,3,228.04,0,684.12,Consumer,Bank Transfer,9,27.71,3.2
ORD-101771,2025-09-23,North America,Electronics,Headphones,2,776.94,10,1398.49,SMB,Bank Transfer,8,37.03,5.0
ORD-100188,2025-09-23,North America,Electronics,Smartphone,7,1666.05,0,11662.35,Enterprise,PayPal,1,24.46,4.1
ORD-100535,2025-09-23,North America,Home & Kitchen,Coffee Maker,6,360.76,20,1731.65,Consumer,Google Pay,11,34.73,4.5
ORD-101354,2025-09-24,North America,Electronics,Smartphone,1,1509.12,0,1509.12,Consumer,Credit Card,9,41.33,3.7
ORD-100800,2025-09-24,Asia Pacific,Books,Cookbook,2,11.33,0,22.66,Enterprise,Google Pay,7,30.85,3.3
ORD-101020,2025-09-25,North America,Home & Kitchen,Coffee Maker,1,417.85,15,355.17,Consumer,Bank Transfer,2,27.04,4.1
ORD-100774,2025-09-25,Europe,Home & Kitchen,Vacuum Cleaner,3,155.67,0,467.01,Consumer,Credit Card,13,12.19,4.9
ORD-100972,2025-09-25,Europe,Sports & Outdoors,Bike,3,388.55,0,1165.65,Consumer,Bank Transfer,9,23.05,4.6
ORD-100792,2025-09-25,Asia Pacific,Clothing,T-Shirt,7,17.27,5,114.85,Enterprise,PayPal,11,40.94,4.6
ORD-100978,2025-09-25,Europe,Clothing,Jeans,2,101.38,20,162.21,Consumer,Credit Card,4,9.93,4.8
ORD-100460,2025-09-26,Latin America,Clothing,Jacket,2,132.02,0,264.04,Consumer,PayPal,4,42.29,4.9
ORD-100043,2025-09-27,North America,Books,Non-Fiction,8,32.26,15,219.37,Consumer,Bank Transfer,5,11.65,4.2
ORD-100075,2025-09-27,North America,Books,Biography,4,29.62,0,118.48,SMB,PayPal,12,28.16,4.0
ORD-100672,2025-09-27,North America,Sports & Outdoors,Bike,6,271.58,0,1629.48,Consumer,Google Pay,2,45.31,3.9
ORD-100353,2025-09-27,North America,Clothing,T-Shirt,7,25.73,15,153.09,SMB,Bank Transfer,10,17.54,5.0
ORD-100393,2025-09-27,North America,Sports & Outdoors,Yoga Mat,9,110.56,0,995.04,Consumer,PayPal,5,26.63,3.8
ORD-101273,2025-09-28,Latin America,Electronics,Smartphone,1,1649.53,0,1649.53,SMB,PayPal,1,27.79,4.2
ORD-101366,2025-09-28,Asia Pacific,Electronics,Laptop,5,1119.67,0,5598.35,Enterprise,Apple Pay,5,8.44,3.4
ORD-100670,2025-09-29,Middle East,Electronics,Headphones,6,1590.08,20,7632.38,SMB,Bank Transfer,6,42.18,5.0
ORD-101978,2025-09-29,North America,Sports & Outdoors,Dumbbells,8,712.63,10,5130.94,SMB,Credit Card,4,30.8,3.2
ORD-100049,2025-09-29,North America,Electronics,Camera,9,1381.28,0,12431.52,Consumer,Google Pay,8,15.73,3.2
ORD-101685,2025-09-29,North America,Clothing,Hoodie,4,32.04,5,121.75,Consumer,PayPal,13,16.66,4.6
ORD-101834,2025-09-29,Europe,Books,Biography,7,16.77,10,105.65,Consumer,Apple Pay,10,46.47,4.3
ORD-100227,2025-09-29,Europe,Home & Kitchen,Vacuum Cleaner,8,78.31,5,595.16,Consumer,Credit Card,1,25.47,3.8
ORD-100925,2025-09-30,North America,Clothing,Hoodie,5,51.9,0,259.5,SMB,Credit Card,1,18.41,4.6
ORD-101247,2025-09-30,Europe,Books,Cookbook,5,32.51,10,146.29,SMB,Apple Pay,4,43.48,3.9
ORD-101262,2025-09-30,Asia Pacific,Clothing,Jacket,2,57.24,0,114.48,Consumer,PayPal,7,42.78,4.1
ORD-100003,2025-10-01,Asia Pacific,Home & Kitchen,Air Fryer,5,50.59,0,252.95,SMB,PayPal,13,21.67,3.7
ORD-100035,2025-10-01,Europe,Books,Biography,8,11.63,5,88.39,SMB,Google Pay,7,33.78,4.0
ORD-100810,2025-10-02,Asia Pacific,Clothing,Sneakers,7,57.82,0,404.74,SMB,Bank Transfer,11,21.66,4.6
ORD-100738,2025-10-02,Asia Pacific,Clothing,Jeans,9,60.16,0,541.44,Enterprise,Google Pay,13,10.93,4.2
ORD-101452,2025-10-04,North America,Home & Kitchen,Blender,5,140.37,0,701.85,Consumer,Google Pay,9,13.54,3.9
ORD-101324,2025-10-04,North America,Electronics,Headphones,2,933.41,20,1493.46,SMB,PayPal,9,43.82,4.4
ORD-100830,2025-10-04,Europe,Home & Kitchen,Vacuum Cleaner,3,279.02,0,837.06,Consumer,Apple Pay,6,48.02,3.4
ORD-101567,2025-10-04,Asia Pacific,Sports & Outdoors,Bike,8,596.02,20,3814.53,SMB,Credit Card,11,14.59,3.9
ORD-101933,2025-10-04,Asia Pacific,Electronics,Camera,8,1122.59,15,7633.61,Consumer,Credit Card,10,41.49,4.8
ORD-100581,2025-10-04,North America,Books,Biography,3,14.15,15,36.08,Enterprise,Apple Pay,3,43.64,3.3
ORD-100865,2025-10-05,Europe,Sports & Outdoors,Running Shoes,1,252.61,15,214.72,SMB,PayPal,8,8.56,4.2
ORD-101853,2025-10-06,Europe,Home & Kitchen,Microwave,2,472.42,0,944.84,SMB,Bank Transfer,1,5.22,3.4
ORD-101034,2025-10-06,Asia Pacific,Electronics,Laptop,8,1837.04,20,11757.06,Enterprise,Google Pay,1,47.7,5.0
ORD-101203,2025-10-06,Asia Pacific,Sports & Outdoors,Dumbbells,6,49.26,20,236.45,Enterprise,Apple Pay,12,36.12,4.9
ORD-100567,2025-10-07,Asia Pacific,Electronics,Headphones,1,738.87,10,664.98,Consumer,Apple Pay,11,5.48,4.4
ORD-100001,2025-10-07,Europe,Sports & Outdoors,Tent,2,309.22,20,494.75,SMB,Bank Transfer,6,29.96,3.9
ORD-100851,2025-10-07,Europe,Books,Cookbook,3,21.88,15,55.79,Consumer,Apple Pay,1,45.86,3.8
ORD-101282,2025-10-07,Asia Pacific,Sports & Outdoors,Yoga Mat,1,431.07,15,366.41,Consumer,Apple Pay,9,30.1,3.9
ORD-100201,2025-10-08,Asia Pacific,Books,Children's Book,8,31.86,0,254.88,Consumer,PayPal,8,42.33,4.2
ORD-101708,2025-10-08,Asia Pacific,Sports & Outdoors,Tent,6,545.56,15,2782.36,Consumer,Credit Card,7,46.85,4.2
ORD-100507,2025-10-08,Europe,Books,Non-Fiction,9,30.25,5,258.64,Consumer,Google Pay,3,7.65,4.4
ORD-101645,2025-10-08,North America,Books,Biography,9,19.23,0,173.07,Consumer,PayPal,11,16.24,3.6
ORD-101591,2025-10-08,Europe,Home & Kitchen,Microwave,8,465.84,0,3726.72,Enterprise,Apple Pay,12,6.01,3.2
ORD-101891,2025-10-09,Middle East,Home & Kitchen,Coffee Maker,1,223.69,0,223.69,Enterprise,Credit Card,11,47.84,4.1
ORD-100358,2025-10-09,Asia Pacific,Home & Kitchen,Blender,8,75.85,15,515.78,SMB,Apple Pay,3,14.7,4.0
ORD-101734,2025-10-09,Latin America,Sports & Outdoors,Running Shoes,1,617.76,0,617.76,Consumer,PayPal,11,30.98,3.6
ORD-101721,2025-10-10,Asia Pacific,Electronics,Laptop,3,1068.84,0,3206.52,Consumer,Credit Card,3,13.78,3.8
ORD-101355,2025-10-10,Asia Pacific,Sports & Outdoors,Running Shoes,4,58.66,0,234.64,Consumer,Apple Pay,10,20.62,4.2
ORD-100919,2025-10-10,Asia Pacific,Clothing,Sneakers,2,40.07,20,64.11,Consumer,Bank Transfer,10,20.19,3.1
ORD-101811,2025-10-10,North America,Sports & Outdoors,Bike,7,744.85,15,4431.86,Consumer,Bank Transfer,5,47.92,4.4
ORD-101307,2025-10-10,Asia Pacific,Home & Kitchen,Blender,3,115.44,20,277.06,Enterprise,Apple Pay,12,26.56,4.7
ORD-100377,2025-10-11,North America,Books,Fiction,3,28.19,0,84.57,Consumer,Credit Card,5,41.53,4.2
ORD-101696,2025-10-12,Asia Pacific,Books,Fiction,9,10.17,5,86.95,Consumer,Bank Transfer,2,30.75,4.3
ORD-100083,2025-10-12,Asia Pacific,Books,Cookbook,9,20.86,20,150.19,SMB,Apple Pay,12,13.33,4.1
ORD-100802,2025-10-12,Europe,Sports & Outdoors,Dumbbells,4,146.61,0,586.44,Enterprise,Credit Card,10,49.58,3.9
ORD-101021,2025-10-12,North America,Home & Kitchen,Coffee Maker,5,198.5,0,992.5,Consumer,PayPal,8,20.47,4.6
ORD-100791,2025-10-12,North America,Home & Kitchen,Air Fryer,3,200.2,0,600.6,Consumer,PayPal,2,28.66,3.0
ORD-100974,2025-10-12,North America,Clothing,Hoodie,7,52.49,20,293.94,SMB,Credit Card,13,25.88,4.3
ORD-101070,2025-10-12,Europe,Clothing,T-Shirt,4,129.16,0,516.64,SMB,Credit Card,8,48.2,3.7
ORD-101937,2025-10-13,North America,Sports & Outdoors,Dumbbells,6,448.06,0,2688.36,Consumer,Google Pay,5,10.43,3.9
ORD-100899,2025-10-13,Middle East,Electronics,Laptop,8,1191.86,0,9534.88,SMB,Apple Pay,13,25.29,4.1
ORD-100265,2025-10-13,Europe,Books,Cookbook,5,26.85,20,107.4,Consumer,Bank Transfer,8,38.82,4.4
ORD-101692,2025-10-14,Latin America,Sports & Outdoors,Dumbbells,7,342.48,5,2277.49,Consumer,PayPal,4,14.68,3.9
ORD-100664,2025-10-14,North America,Books,Fiction,2,28.16,15,47.87,Consumer,Bank Transfer,1,36.32,4.3
ORD-100415,2025-10-14,Latin America,Books,Cookbook,3,12.17,0,36.51,Consumer,Bank Transfer,12,19.85,3.2
ORD-100910,2025-10-15,Latin America,Home & Kitchen,Coffee Maker,9,428.9,20,3088.08,Consumer,Bank Transfer,4,30.44,4.7
ORD-101809,2025-10-15,Asia Pacific,Clothing,Jeans,8,33.99,5,258.32,Consumer,Credit Card,1,14.0,4.3
ORD-101082,2025-10-15,North America,Books,Children's Book,9,34.81,0,313.29,Enterprise,Apple Pay,1,35.93,3.0
ORD-101738,2025-10-15,Latin America,Clothing,Jacket,1,140.07,5,133.07,Consumer,PayPal,6,39.14,3.5
ORD-100150,2025-10-17,Europe,Sports & Outdoors,Yoga Mat,6,299.76,10,1618.7,SMB,Bank Transfer,11,22.62,4.0
ORD-101770,2025-10-17,North America,Home & Kitchen,Air Fryer,5,182.84,0,914.2,SMB,Apple Pay,6,13.26,4.1
ORD-100948,2025-10-17,Middle East,Sports & Outdoors,Yoga Mat,5,26.88,15,114.24,Enterprise,PayPal,10,8.46,3.9
ORD-101084,2025-10-17,Europe,Clothing,Sneakers,9,30.65,0,275.85,SMB,PayPal,9,18.29,4.3
ORD-100841,2025-10-17,Europe,Electronics,Tablet,6,1492.28,0,8953.68,Consumer,Credit Card,7,38.1,4.4
ORD-100288,2025-10-17,North America,Books,Children's Book,5,24.37,15,103.57,Consumer,Credit Card,8,9.07,2.9
ORD-101883,2025-10-17,Asia Pacific,Sports & Outdoors,Tent,2,278.65,20,445.84,SMB,PayPal,6,36.95,4.8
ORD-101757,2025-10-17,Asia Pacific,Home & Kitchen,Vacuum Cleaner,6,364.51,5,2077.71,Consumer,Bank Transfer,10,30.47,3.5
ORD-100900,2025-10-18,Middle East,Books,Cookbook,4,25.08,10,90.29,Consumer,Bank Transfer,8,26.06,4.4
ORD-100262,2025-10-18,North America,Sports & Outdoors,Running Shoes,7,703.49,5,4678.21,Consumer,Credit Card,7,7.73,4.4
ORD-100499,2025-10-18,Asia Pacific,Home & Kitchen,Coffee Maker,5,117.77,5,559.41,Consumer,Google Pay,1,48.03,3.3
ORD-101726,2025-10-19,North America,Home & Kitchen,Air Fryer,4,279.26,10,1005.34,SMB,Apple Pay,10,34.66,4.9
ORD-100955,2025-10-19,North America,Sports & Outdoors,Dumbbells,3,347.13,5,989.32,SMB,PayPal,5,16.67,4.5
ORD-100838,2025-10-21,North America,Electronics,Headphones,4,1483.19,0,5932.76,SMB,Apple Pay,2,39.37,5.0
ORD-101952,2025-10-21,North America,Clothing,T-Shirt,4,147.4,10,530.64,Consumer,Google Pay,13,27.3,4.9
ORD-100306,2025-10-21,Asia Pacific,Home & Kitchen,Vacuum Cleaner,6,195.07,0,1170.42,Consumer,Google Pay,2,27.24,4.2
ORD-101768,2025-10-22,Asia Pacific,Electronics,Headphones,5,1362.41,15,5790.24,Consumer,Google Pay,9,44.97,3.7
ORD-100006,2025-10-22,Asia Pacific,Electronics,Smartwatch,8,1396.73,5,10615.15,Consumer,Apple Pay,1,10.15,3.7
ORD-100617,2025-10-22,Europe,Clothing,Hoodie,4,96.28,0,385.12,Consumer,Google Pay,9,11.97,3.7
ORD-100555,2025-10-22,Latin America,Electronics,Headphones,2,938.05,0,1876.1,Consumer,Apple Pay,4,38.57,3.4
ORD-100826,2025-10-23,North America,Books,Non-Fiction,8,33.02,0,264.16,Consumer,Apple Pay,2,48.31,4.4
ORD-100794,2025-10-23,Europe,Books,Fiction,8,20.85,5,158.46,Consumer,Google Pay,12,48.97,4.2
ORD-100313,2025-10-23,Europe,Books,Fiction,4,23.52,5,89.38,Consumer,PayPal,6,31.19,3.0
ORD-100298,2025-10-24,North America,Clothing,Jeans,5,73.99,5,351.45,Consumer,PayPal,1,12.78,4.1
ORD-100758,2025-10-25,Asia Pacific,Clothing,T-Shirt,7,45.37,0,317.59,Consumer,Apple Pay,6,16.23,3.4
ORD-100328,2025-10-25,Asia Pacific,Sports & Outdoors,Yoga Mat,6,508.88,15,2595.29,SMB,PayPal,1,7.76,5.0
ORD-100296,2025-10-25,Latin America,Home & Kitchen,Vacuum Cleaner,6,458.74,5,2614.82,Enterprise,Credit Card,4,32.91,3.6
ORD-101094,2025-10-25,North America,Home & Kitchen,Microwave,7,74.89,0,524.23,Consumer,Apple Pay,13,28.86,4.3
ORD-101212,2025-10-26,North America,Clothing,Jacket,2,15.41,15,26.2,Consumer,PayPal,10,43.03,4.2
ORD-101281,2025-10-26,Asia Pacific,Home & Kitchen,Vacuum Cleaner,3,310.1,10,837.27,Enterprise,Credit Card,13,32.77,4.8
ORD-100818,2025-10-27,Middle East,Clothing,Sneakers,7,63.81,10,402.0,Consumer,PayPal,10,13.85,4.1
ORD-100639,2025-10-28,Asia Pacific,Electronics,Smartwatch,5,1928.95,0,9644.75,Consumer,Apple Pay,7,5.26,3.5
ORD-101996,2025-10-29,Asia Pacific,Sports & Outdoors,Yoga Mat,6,668.25,5,3809.02,Consumer,Credit Card,7,32.94,4.3
ORD-101939,2025-10-30,North America,Books,Cookbook,9,21.81,0,196.29,Consumer,Credit Card,1,12.0,3.6
ORD-100934,2025-10-30,Latin America,Books,Non-Fiction,4,14.92,0,59.68,Consumer,Credit Card,4,36.96,4.0
ORD-101119,2025-10-31,Europe,Home & Kitchen,Air Fryer,5,330.35,20,1321.4,Enterprise,Google Pay,5,15.61,4.9
ORD-100335,2025-10-31,Europe,Clothing,Sneakers,5,141.84,10,638.28,SMB,Credit Card,6,28.64,4.5
ORD-101303,2025-10-31,Latin America,Books,Biography,9,12.23,5,104.57,Consumer,Google Pay,9,44.04,3.4
ORD-100682,2025-10-31,Europe,Clothing,Sneakers,1,106.67,5,101.34,SMB,Apple Pay,6,20.78,4.6
ORD-100129,2025-10-31,Asia Pacific,Clothing,Jeans,1,16.01,0,16.01,SMB,PayPal,2,10.21,3.9
ORD-101642,2025-10-31,Europe,Sports & Outdoors,Bike,2,585.99,0,1171.98,Consumer,Credit Card,10,17.37,4.1
ORD-100847,2025-10-31,North America,Sports & Outdoors,Bike,9,578.16,0,5203.44,Consumer,Bank Transfer,3,11.1,3.7
ORD-100090,2025-11-01,Europe,Electronics,Laptop,1,1316.27,5,1250.46,Consumer,PayPal,7,43.4,3.0
ORD-101628,2025-11-01,Latin America,Sports & Outdoors,Dumbbells,6,351.7,5,2004.69,Consumer,Google Pay,8,17.22,3.9
ORD-100443,2025-11-02,Asia Pacific,Home & Kitchen,Air Fryer,9,361.1,0,3249.9,Enterprise,Apple Pay,2,46.98,4.8
ORD-100362,2025-11-03,Europe,Books,Cookbook,4,13.54,5,51.45,Enterprise,Bank Transfer,6,25.95,2.9
ORD-100568,2025-11-03,North America,Electronics,Smartwatch,3,1782.07,5,5078.9,Consumer,Bank Transfer,1,11.21,3.9
ORD-101427,2025-11-04,Asia Pacific,Books,Biography,4,10.81,15,36.75,Consumer,Credit Card,13,33.28,4.1
ORD-100181,2025-11-04,Europe,Home & Kitchen,Blender,4,112.89,5,428.98,Consumer,Google Pay,10,17.28,5.0
ORD-100459,2025-11-04,Europe,Electronics,Tablet,4,1757.78,0,7031.12,Consumer,Bank Transfer,7,34.72,4.5
ORD-101159,2025-11-04,Asia Pacific,Home & Kitchen,Blender,6,125.14,0,750.84,SMB,Bank Transfer,3,15.69,5.0
ORD-101068,2025-11-04,North America,Clothing,T-Shirt,6,90.15,0,540.9,Consumer,Google Pay,4,37.86,4.4
ORD-100819,2025-11-04,Middle East,Books,Biography,9,27.04,20,194.69,Consumer,PayPal,10,33.31,4.1
ORD-101737,2025-11-05,North America,Home & Kitchen,Coffee Maker,9,348.13,0,3133.17,SMB,PayPal,10,5.25,3.9
ORD-101467,2025-11-05,North America,Electronics,Camera,6,1020.02,0,6120.12,Consumer,Google Pay,10,15.92,3.6
ORD-100060,2025-11-05,North America,Electronics,Laptop,4,801.43,5,3045.43,SMB,Credit Card,6,43.54,3.9
ORD-100885,2025-11-06,Europe,Home & Kitchen,Blender,9,474.88,0,4273.92,Enterprise,Bank Transfer,8,28.94,3.7
ORD-100137,2025-11-06,Asia Pacific,Clothing,Sneakers,6,27.52,0,165.12,Consumer,PayPal,10,38.76,3.9
ORD-100186,2025-11-06,North America,Books,Biography,13,17.31,20,180.02,Consumer,Bank Transfer,10,47.72,3.5
ORD-100272,2025-11-07,Europe,Clothing,Dress,13,19.4,20,201.76,Consumer,Credit Card,6,14.4,4.5
ORD-100782,2025-11-08,Europe,Sports & Outdoors,Running Shoes,4,578.19,15,1965.85,Consumer,Google Pay,1,19.43,5.0
ORD-101759,2025-11-08,Latin America,Electronics,Tablet,1,1053.49,15,895.47,Consumer,Bank Transfer,3,39.66,4.6
ORD-101855,2025-11-08,Europe,Clothing,T-Shirt,13,41.78,10,488.83,Consumer,Google Pay,13,39.95,3.9
ORD-101989,2025-11-09,North America,Clothing,Hoodie,12,100.37,0,1204.44,Consumer,PayPal,10,46.2,4.3
ORD-101295,2025-11-09,Middle East,Electronics,Camera,6,879.97,0,5279.82,Consumer,Credit Card,12,28.33,4.3
ORD-100310,2025-11-09,Latin America,Books,Children's Book,9,31.3,0,281.7,SMB,PayPal,1,43.09,4.2
ORD-100369,2025-11-09,North America,Electronics,Smartwatch,3,1481.09,20,3554.62,Consumer,Credit Card,8,10.57,3.6
ORD-100094,2025-11-09,North America,Home & Kitchen,Coffee Maker,13,309.1,0,4018.3,SMB,Credit Card,11,49.63,4.2
ORD-100061,2025-11-10,North America,Clothing,Jacket,4,35.74,10,128.66,Consumer,Bank Transfer,13,39.74,5.0
ORD-100979,2025-11-10,Europe,Electronics,Tablet,7,1520.34,0,10642.38,SMB,Google Pay,5,27.98,3.2
ORD-100521,2025-11-11,North America,Home & Kitchen,Blender,7,171.84,0,1202.88,SMB,Apple Pay,12,25.61,2.8
ORD-101585,2025-11-11,Asia Pacific,Books,Cookbook,1,14.27,0,14.27,Consumer,PayPal,11,41.83,3.8
ORD-100627,2025-11-11,Europe,Sports & Outdoors,Dumbbells,9,53.02,20,381.74,Consumer,PayPal,1,38.69,3.2
ORD-100180,2025-11-11,Asia Pacific,Books,Fiction,1,20.99,0,20.99,SMB,Apple Pay,6,15.83,3.3
ORD-100350,2025-11-12,North America,Home & Kitchen,Vacuum Cleaner,1,314.94,0,314.94,Consumer,Credit Card,13,32.47,3.6
ORD-100144,2025-11-12,Europe,Clothing,Hoodie,13,23.03,0,299.39,Consumer,PayPal,1,9.46,3.4
ORD-100332,2025-11-12,Europe,Sports & Outdoors,Tent,10,193.12,20,1544.96,SMB,Bank Transfer,5,34.24,4.7
ORD-101638,2025-11-13,Asia Pacific,Sports & Outdoors,Dumbbells,9,197.26,0,1775.34,Consumer,PayPal,8,44.42,3.6
ORD-101749,2025-11-13,Europe,Home & Kitchen,Coffee Maker,13,205.53,0,2671.89,SMB,PayPal,2,33.91,3.8
ORD-100032,2025-11-13,North America,Electronics,Tablet,9,1425.29,15,10903.47,Consumer,PayPal,11,6.96,4.3
ORD-101504,2025-11-13,North America,Home & Kitchen,Air Fryer,10,341.62,5,3245.39,Consumer,Credit Card,12,43.05,3.1
ORD-100005,2025-11-14,Europe,Electronics,Smartphone,6,1698.07,15,8660.16,Consumer,PayPal,9,14.0,4.4
ORD-100442,2025-11-15,Latin America,Clothing,Jeans,6,104.38,0,626.28,Enterprise,Apple Pay,9,40.66,4.2
ORD-101401,2025-11-15,Latin America,Home & Kitchen,Air Fryer,7,95.78,10,603.41,SMB,Credit Card,12,29.3,3.6
ORD-100168,2025-11-16,Middle East,Books,Fiction,1,12.25,20,9.8,Consumer,PayPal,9,48.97,4.3
ORD-101886,2025-11-17,Europe,Clothing,Jeans,7,58.23,0,407.61,Consumer,Apple Pay,4,7.83,4.8
ORD-100290,2025-11-18,North America,Sports & Outdoors,Yoga Mat,10,425.41,0,4254.1,Consumer,PayPal,3,47.49,4.7
ORD-100509,2025-11-20,Asia Pacific,Home & Kitchen,Coffee Maker,12,41.73,5,475.72,Consumer,Credit Card,2,15.54,3.4
ORD-101154,2025-11-21,Asia Pacific,Clothing,Sneakers,7,122.21,0,855.47,SMB,PayPal,6,12.67,4.9
ORD-100588,2025-11-21,North America,Books,Children's Book,6,14.34,10,77.44,SMB,Bank Transfer,1,27.79,3.7
ORD-100235,2025-11-22,Latin America,Sports & Outdoors,Running Shoes,3,527.62,0,1582.86,Consumer,PayPal,2,35.94,3.9
ORD-101644,2025-11-22,Europe,Sports & Outdoors,Tent,12,783.53,20,7521.89,SMB,Google Pay,8,47.99,5.0
ORD-100740,2025-11-22,Asia Pacific,Electronics,Laptop,10,1727.51,0,17275.1,Consumer,PayPal,1,11.87,3.4
ORD-100989,2025-11-22,Asia Pacific,Books,Children's Book,4,17.25,5,65.55,Consumer,Bank Transfer,13,5.36,3.7
ORD-101310,2025-11-23,North America,Sports & Outdoors,Dumbbells,12,164.16,0,1969.92,SMB,PayPal,11,42.24,4.0
ORD-101118,2025-11-23,Europe,Books,Children's Book,1,21.8,20,17.44,Consumer,Credit Card,7,16.8,3.9
ORD-100320,2025-11-23,North America,Books,Non-Fiction,3,18.62,5,53.07,Consumer,Google Pay,1,17.24,4.5
ORD-100064,2025-11-23,Europe,Home & Kitchen,Blender,1,385.01,0,385.01,Consumer,Bank Transfer,4,7.01,3.4
ORD-101081,2025-11-23,Latin America,Sports & Outdoors,Tent,4,211.52,15,719.17,Consumer,Apple Pay,2,5.29,3.6
ORD-101206,2025-11-23,Asia Pacific,Books,Non-Fiction,6,13.07,0,78.42,Consumer,Credit Card,11,35.21,4.3
ORD-100294,2025-11-24,Europe,Electronics,Headphones,13,1886.71,0,24527.23,Consumer,Bank Transfer,12,9.35,3.6
ORD-101675,2025-11-24,Latin America,Home & Kitchen,Air Fryer,13,459.58,15,5078.36,Enterprise,PayPal,6,35.96,4.8
ORD-100797,2025-11-25,Europe,Books,Non-Fiction,9,27.29,10,221.05,Consumer,Bank Transfer,11,30.01,3.9
ORD-101914,2025-11-25,North America,Books,Non-Fiction,10,32.28,10,290.52,Enterprise,Google Pay,1,20.14,4.1
ORD-101466,2025-11-25,North America,Electronics,Headphones,6,1785.05,15,9103.75,Consumer,PayPal,12,33.95,5.0
ORD-100028,2025-11-26,North America,Electronics,Headphones,1,1692.97,0,1692.97,Consumer,Apple Pay,13,32.14,3.4
ORD-100376,2025-11-27,North America,Clothing,T-Shirt,1,23.45,0,23.45,Consumer,Credit Card,13,31.56,4.6
ORD-101058,2025-11-28,Asia Pacific,Books,Fiction,13,16.08,0,209.04,SMB,Google Pay,9,41.73,3.8
ORD-100437,2025-11-29,North America,Books,Children's Book,12,29.58,20,283.97,SMB,Credit Card,10,45.81,4.0
ORD-100136,2025-11-29,North America,Books,Fiction,1,25.61,15,21.77,Consumer,Google Pay,4,29.25,3.0
ORD-100033,2025-11-29,Europe,Clothing,Jeans,4,46.96,0,187.84,Consumer,PayPal,1,42.51,3.3
ORD-100109,2025-11-30,Europe,Clothing,Sneakers,12,54.96,0,659.52,SMB,Credit Card,11,47.37,5.0
ORD-100155,2025-11-30,North America,Home & Kitchen,Air Fryer,9,32.57,15,249.16,SMB,Google Pay,5,17.17,4.8
ORD-101905,2025-12-01,Asia Pacific,Clothing,Jacket,9,147.83,0,1330.47,Consumer,Credit Card,2,29.72,4.6
ORD-100066,2025-12-02,North America,Books,Cookbook,9,26.1,15,199.66,Consumer,Apple Pay,12,43.0,4.7
ORD-100669,2025-12-02,Asia Pacific,Home & Kitchen,Microwave,12,75.69,0,908.28,Consumer,Credit Card,6,42.77,3.8
ORD-100304,2025-12-02,North America,Books,Biography,13,25.62,20,266.45,Enterprise,Credit Card,5,47.41,3.4
ORD-100352,2025-12-02,North America,Sports & Outdoors,Bike,1,666.79,10,600.11,SMB,Bank Transfer,6,31.55,5.0
ORD-101601,2025-12-02,North America,Electronics,Laptop,1,1530.29,0,1530.29,Consumer,Credit Card,11,39.24,4.6
ORD-100759,2025-12-03,Europe,Sports & Outdoors,Bike,12,764.09,20,7335.26,SMB,Apple Pay,13,10.18,4.7
ORD-101220,2025-12-04,Europe,Sports & Outdoors,Tent,9,462.89,10,3749.41,Consumer,Apple Pay,8,41.22,4.4
ORD-100914,2025-12-04,North America,Sports & Outdoors,Tent,10,680.36,10,6123.24,SMB,Bank Transfer,12,23.56,4.2
ORD-100907,2025-12-04,North America,Sports & Outdoors,Yoga Mat,13,227.44,10,2661.05,SMB,Google Pay,6,15.84,3.4
ORD-100253,2025-12-04,Europe,Books,Non-Fiction,12,19.18,0,230.16,Consumer,Google Pay,6,44.57,3.8
ORD-100924,2025-12-05,Europe,Electronics,Camera,1,670.36,15,569.81,Consumer,Credit Card,1,48.67,4.4
ORD-100196,2025-12-05,North America,Sports & Outdoors,Tent,4,502.75,5,1910.45,SMB,Apple Pay,2,24.86,4.8
ORD-100243,2025-12-06,Europe,Electronics,Smartphone,12,1739.86,0,20878.32,Enterprise,PayPal,3,6.4,4.4
ORD-101442,2025-12-06,North America,Sports & Outdoors,Bike,13,235.39,10,2754.06,Consumer,Apple Pay,2,20.26,4.3
ORD-101566,2025-12-07,North America,Electronics,Smartphone,1,311.14,15,264.47,SMB,Credit Card,4,32.66,4.9
ORD-101627,2025-12-08,North America,Electronics,Smartwatch,12,1003.5,5,11439.9,Consumer,PayPal,8,11.09,4.7
ORD-101032,2025-12-08,Asia Pacific,Sports & Outdoors,Running Shoes,12,686.95,0,8243.4,Consumer,PayPal,7,32.01,2.7
ORD-101619,2025-12-08,North America,Home & Kitchen,Vacuum Cleaner,9,146.96,10,1190.38,Consumer,Apple Pay,3,19.25,5.0
ORD-101869,2025-12-09,Europe,Sports & Outdoors,Bike,6,316.83,0,1900.98,Consumer,Bank Transfer,2,19.15,3.1
ORD-100769,2025-12-09,Europe,Electronics,Camera,12,341.38,0,4096.56,SMB,Apple Pay,2,15.34,4.0
ORD-100687,2025-12-10,Europe,Sports & Outdoors,Dumbbells,9,53.81,15,411.65,Consumer,Bank Transfer,8,32.07,4.3
ORD-100674,2025-12-10,North America,Books,Non-Fiction,13,26.36,5,325.55,Enterprise,Credit Card,1,6.66,5.0
ORD-101716,2025-12-11,North America,Clothing,T-Shirt,13,116.05,20,1206.92,SMB,Google Pay,3,26.04,4.6
ORD-100203,2025-12-11,Asia Pacific,Sports & Outdoors,Dumbbells,12,757.22,0,9086.64,Consumer,Bank Transfer,12,14.72,3.7
ORD-100609,2025-12-12,Europe,Books,Cookbook,4,32.16,10,115.78,SMB,Apple Pay,2,44.62,3.9
ORD-100679,2025-12-12,Asia Pacific,Electronics,Smartwatch,13,1782.61,15,19697.84,Consumer,Apple Pay,11,10.96,4.0
ORD-101959,2025-12-13,Latin America,Clothing,Jeans,12,41.38,15,422.08,Consumer,Bank Transfer,2,34.45,3.4
ORD-100029,2025-12-13,Asia Pacific,Home & Kitchen,Air Fryer,13,205.87,0,2676.31,SMB,PayPal,6,15.65,5.0
ORD-101765,2025-12-14,Asia Pacific,Books,Non-Fiction,12,29.6,0,355.2,Consumer,Credit Card,7,45.09,4.3
ORD-101424,2025-12-14,North America,Electronics,Headphones,12,1128.79,0,13545.48,SMB,Credit Card,3,26.61,3.5
ORD-100761,2025-12-14,Asia Pacific,Electronics,Camera,13,1799.31,0,23391.03,Consumer,PayPal,13,34.92,3.9
ORD-100361,2025-12-14,North America,Books,Non-Fiction,1,24.5,10,22.05,Consumer,PayPal,2,40.14,4.0
ORD-100859,2025-12-14,North America,Electronics,Tablet,3,788.64,0,2365.92,Consumer,Google Pay,13,20.72,5.0
ORD-100267,2025-12-14,Europe,Electronics,Headphones,3,589.28,20,1414.27,Consumer,Credit Card,3,36.67,3.6
ORD-101046,2025-12-14,Europe,Clothing,Sneakers,4,64.75,0,259.0,Consumer,Bank Transfer,13,29.09,3.7
ORD-101349,2025-12-15,North America,Electronics,Smartwatch,10,387.36,0,3873.6,Consumer,Bank Transfer,10,5.72,3.5
ORD-100317,2025-12-15,Asia Pacific,Books,Cookbook,10,18.47,15,156.99,Consumer,Bank Transfer,12,12.67,5.0
ORD-101012,2025-12-16,Asia Pacific,Books,Fiction,13,24.23,0,314.99,Consumer,Credit Card,12,45.75,4.3
ORD-100279,2025-12-16,North America,Clothing,T-Shirt,13,108.67,15,1200.8,Consumer,Bank Transfer,1,39.3,4.0
ORD-101564,2025-12-16,Europe,Electronics,Laptop,12,1970.7,0,23648.4,Enterprise,Apple Pay,13,27.95,4.0
ORD-101255,2025-12-17,North America,Home & Kitchen,Microwave,9,441.16,5,3771.92,Consumer,Credit Card,11,26.14,3.7
ORD-101622,2025-12-17,North America,Home & Kitchen,Coffee Maker,12,498.38,0,5980.56,SMB,Google Pay,11,20.4,4.3
ORD-101868,2025-12-17,North America,Electronics,Laptop,13,203.33,5,2511.13,SMB,Apple Pay,5,42.02,3.6
ORD-101741,2025-12-17,North America,Clothing,Hoodie,1,68.6,10,61.74,Consumer,Credit Card,1,23.66,3.7
ORD-100603,2025-12-18,Asia Pacific,Clothing,T-Shirt,12,20.38,0,244.56,SMB,Credit Card,8,46.82,3.5
ORD-100894,2025-12-18,Asia Pacific,Sports & Outdoors,Dumbbells,4,554.17,0,2216.68,Consumer,Apple Pay,6,11.21,2.7
ORD-100114,2025-12-18,Europe,Electronics,Tablet,3,1850.33,0,5550.99,Consumer,PayPal,7,13.43,4.2
ORD-101245,2025-12-18,Latin America,Sports & Outdoors,Tent,7,112.54,0,787.78,Enterprise,Google Pay,10,13.75,3.3
ORD-100618,2025-12-19,Latin America,Sports & Outdoors,Running Shoes,6,58.8,15,299.88,Enterprise,PayPal,7,44.39,5.0
ORD-101617,2025-12-20,Europe,Home & Kitchen,Air Fryer,4,426.11,0,1704.44,Consumer,PayPal,13,5.48,4.3
ORD-100354,2025-12-20,North America,Books,Biography,13,10.47,10,122.5,Consumer,PayPal,8,30.68,2.7
ORD-101963,2025-12-20,Europe,Sports & Outdoors,Yoga Mat,4,434.71,10,1564.96,Consumer,Apple Pay,13,48.46,4.0
ORD-101111,2025-12-21,North America,Electronics,Smartphone,6,483.06,20,2318.69,Consumer,Google Pay,9,15.16,4.8
ORD-101728,2025-12-21,North America,Books,Fiction,3,28.03,20,67.27,Enterprise,Bank Transfer,5,14.8,2.7
ORD-101669,2025-12-21,North America,Sports & Outdoors,Bike,6,30.58,0,183.48,SMB,PayPal,13,48.79,3.8
ORD-101496,2025-12-21,North America,Electronics,Smartphone,3,1245.73,20,2989.75,SMB,Google Pay,11,20.29,3.8
ORD-101602,2025-12-21,North America,Electronics,Camera,7,1634.79,5,10871.35,Consumer,PayPal,8,47.93,4.7
ORD-101028,2025-12-22,North America,Home & Kitchen,Blender,4,108.06,0,432.24,Consumer,PayPal,11,34.95,3.4
ORD-101742,2025-12-23,North America,Home & Kitchen,Blender,9,47.82,0,430.38,Consumer,Credit Card,6,31.89,5.0
ORD-101707,2025-12-23,North America,Sports & Outdoors,Tent,7,411.96,0,2883.72,Consumer,Google Pay,4,24.04,3.6
ORD-100916,2025-12-24,Asia Pacific,Home & Kitchen,Vacuum Cleaner,7,134.73,15,801.64,Consumer,Apple Pay,13,10.98,4.7
ORD-100210,2025-12-24,Asia Pacific,Electronics,Camera,10,753.8,15,6407.3,Enterprise,PayPal,13,18.04,3.9
ORD-100404,2025-12-24,Asia Pacific,Home & Kitchen,Coffee Maker,12,188.24,0,2258.88,Consumer,Apple Pay,1,30.17,3.1
ORD-100053,2025-12-26,Middle East,Clothing,Jeans,10,27.38,0,273.8,Consumer,Bank Transfer,11,30.76,3.9
ORD-100845,2025-12-26,North America,Books,Biography,6,18.11,0,108.66,Enterprise,Google Pay,8,29.47,4.1
ORD-101458,2025-12-27,Europe,Books,Cookbook,3,15.97,0,47.91,Consumer,PayPal,11,34.28,3.5
ORD-101947,2025-12-27,Europe,Home & Kitchen,Blender,6,135.43,5,771.95,Consumer,Google Pay,3,36.73,4.5
ORD-101419,2025-12-28,Europe,Electronics,Headphones,1,474.64,0,474.64,Consumer,Apple Pay,4,22.64,3.8
ORD-100022,2025-12-28,North America,Electronics,Smartwatch,10,672.43,0,6724.3,Consumer,Google Pay,12,13.07,5.0
ORD-100785,2025-12-28,Latin America,Clothing,Jacket,10,75.89,0,758.9,SMB,PayPal,6,20.43,4.2
ORD-101351,2025-12-28,North America,Home & Kitchen,Air Fryer,13,31.71,20,329.78,Consumer,PayPal,13,10.54,4.8
ORD-100002,2025-12-29,Europe,Electronics,Camera,12,1337.0,0,16044.0,Enterprise,Apple Pay,9,13.76,3.9
ORD-101545,2025-12-29,North America,Electronics,Laptop,6,570.43,15,2909.19,Consumer,Credit Card,9,18.64,3.8
ORD-100868,2025-12-29,Middle East,Sports & Outdoors,Running Shoes,13,324.13,10,3792.32,SMB,PayPal,5,19.46,4.6
ORD-100764,2025-12-30,Asia Pacific,Clothing,Sneakers,12,35.04,15,357.41,Consumer,Credit Card,9,34.31,3.8
ORD-101614,2025-12-30,North America,Books,Cookbook,7,32.05,15,190.7,SMB,Credit Card,6,13.67,4.6
ORD-101790,2025-12-31,Asia Pacific,Sports & Outdoors,Running Shoes,4,145.12,0,580.48,Consumer,Credit Card,11,18.76,3.6
ORD-101684,2026-01-02,Europe,Sports & Outdoors,Yoga Mat,8,24.48,0,195.84,Consumer,Apple Pay,8,11.54,4.5
ORD-101312,2026-01-02,Asia Pacific,Sports & Outdoors,Running Shoes,6,416.27,15,2122.98,Enterprise,Bank Transfer,3,5.79,4.7
ORD-101390,2026-01-03,Latin America,Sports & Outdoors,Yoga Mat,6,32.31,10,174.47,SMB,Google Pay,6,26.7,4.5
ORD-100967,2026-01-03,Europe,Sports & Outdoors,Running Shoes,6,425.64,10,2298.46,Consumer,Credit Card,13,21.4,2.5
ORD-100707,2026-01-03,North America,Books,Children's Book,1,30.64,20,24.51,Consumer,Bank Transfer,13,21.59,4.3
ORD-100135,2026-01-03,Europe,Clothing,Hoodie,3,27.97,0,83.91,Consumer,Bank Transfer,1,24.63,4.0
ORD-100852,2026-01-06,Europe,Books,Non-Fiction,1,31.87,5,30.28,Consumer,Google Pay,2,19.42,3.7
ORD-101284,2026-01-07,Latin America,Electronics,Camera,8,1311.44,20,8393.22,SMB,PayPal,13,25.46,4.8
ORD-100436,2026-01-07,Europe,Sports & Outdoors,Dumbbells,7,645.41,15,3840.19,SMB,Google Pay,9,24.41,4.2
ORD-101378,2026-01-07,Asia Pacific,Sports & Outdoors,Yoga Mat,8,650.9,20,4165.76,Consumer,PayPal,11,18.07,4.1
ORD-100260,2026-01-07,Europe,Electronics,Headphones,9,1905.49,0,17149.41,Consumer,PayPal,5,45.43,3.8
ORD-101236,2026-01-08,North America,Books,Fiction,1,21.75,0,21.75,Consumer,Apple Pay,4,20.68,3.8
ORD-101221,2026-01-09,Europe,Clothing,Hoodie,6,35.63,5,203.09,Consumer,Credit Card,3,35.23,3.8
ORD-100308,2026-01-09,North America,Clothing,T-Shirt,4,90.65,0,362.6,Consumer,PayPal,8,44.95,4.4
ORD-101753,2026-01-10,North America,Electronics,Headphones,7,304.99,15,1814.69,Consumer,Credit Card,12,13.02,4.5
ORD-100013,2026-01-11,North America,Books,Non-Fiction,8,16.26,10,117.07,SMB,Credit Card,10,24.44,3.9
ORD-101108,2026-01-11,Europe,Home & Kitchen,Air Fryer,7,273.34,5,1817.71,Enterprise,Credit Card,6,36.99,3.4
ORD-101551,2026-01-11,Asia Pacific,Sports & Outdoors,Dumbbells,6,404.98,0,2429.88,Consumer,Google Pay,13,32.53,3.5
ORD-101772,2026-01-11,Europe,Books,Biography,8,13.93,0,111.44,SMB,Apple Pay,9,34.33,4.2
ORD-101250,2026-01-12,Asia Pacific,Clothing,Dress,8,50.82,0,406.56,Consumer,PayPal,7,20.11,4.8
ORD-101876,2026-01-13,North America,Books,Non-Fiction,6,9.74,15,49.67,Enterprise,Bank Transfer,6,26.68,4.0
ORD-100525,2026-01-13,Asia Pacific,Electronics,Headphones,9,272.9,5,2333.29,Consumer,Google Pay,4,48.66,4.6
ORD-100065,2026-01-14,Europe,Books,Non-Fiction,2,15.89,5,30.19,Consumer,Credit Card,2,42.96,3.1
ORD-101364,2026-01-14,Asia Pacific,Home & Kitchen,Blender,2,164.75,10,296.55,Consumer,PayPal,13,42.0,3.5
ORD-100702,2026-01-14,Asia Pacific,Clothing,T-Shirt,5,126.7,10,570.15,Consumer,PayPal,6,47.75,4.5
ORD-101433,2026-01-15,North America,Electronics,Headphones,1,940.92,0,940.92,Consumer,Apple Pay,11,35.36,3.7
ORD-100817,2026-01-16,North America,Home & Kitchen,Coffee Maker,4,300.9,0,1203.6,Consumer,PayPal,7,31.89,3.7
ORD-100092,2026-01-16,Asia Pacific,Sports & Outdoors,Yoga Mat,4,654.26,0,2617.04,SMB,PayPal,7,19.29,4.7
ORD-100158,2026-01-17,Asia Pacific,Clothing,Hoodie,4,71.38,0,285.52,SMB,Credit Card,10,44.35,4.2
ORD-100922,2026-01-17,North America,Clothing,T-Shirt,3,121.93,0,365.79,SMB,Credit Card,10,6.75,4.7
ORD-100124,2026-01-20,Middle East,Sports & Outdoors,Bike,2,442.82,5,841.36,SMB,Apple Pay,5,19.42,4.1
ORD-101994,2026-01-20,Europe,Electronics,Smartphone,9,1559.52,10,12632.11,Consumer,PayPal,3,48.05,4.2
ORD-100515,2026-01-21,North America,Clothing,T-Shirt,2,112.22,10,202.0,SMB,PayPal,7,21.17,3.9
ORD-101006,2026-01-23,Latin America,Clothing,Sneakers,7,122.2,0,855.4,SMB,Apple Pay,6,28.61,4.2
ORD-100584,2026-01-24,Asia Pacific,Clothing,Jacket,4,77.79,5,295.6,Enterprise,PayPal,10,18.98,4.0
ORD-101960,2026-01-24,Europe,Home & Kitchen,Microwave,4,188.41,20,602.91,Consumer,Bank Transfer,13,25.73,4.1
ORD-101513,2026-01-24,Europe,Electronics,Smartphone,9,625.85,20,4506.12,SMB,Bank Transfer,11,10.36,4.3
ORD-101929,2026-01-24,North America,Clothing,Jacket,7,54.77,20,306.71,SMB,Apple Pay,3,25.3,4.2
ORD-100220,2026-01-24,Europe,Sports & Outdoors,Tent,8,229.92,0,1839.36,Consumer,PayPal,8,23.37,4.1
ORD-101680,2026-01-25,Europe,Sports & Outdoors,Tent,1,500.44,0,500.44,Consumer,Apple Pay,13,43.85,3.8
ORD-100100,2026-01-25,Asia Pacific,Sports & Outdoors,Running Shoes,9,185.47,0,1669.23,SMB,Bank Transfer,6,38.38,4.0
ORD-101063,2026-01-25,Middle East,Home & Kitchen,Microwave,5,466.27,10,2098.22,Consumer,Bank Transfer,11,46.25,4.9
ORD-101957,2026-01-25,North America,Sports & Outdoors,Dumbbells,9,711.24,0,6401.16,SMB,Bank Transfer,5,47.94,3.6
ORD-101399,2026-01-25,Asia Pacific,Home & Kitchen,Microwave,5,413.7,15,1758.22,Enterprise,Bank Transfer,6,36.45,2.6
ORD-100154,2026-01-26,Europe,Clothing,Hoodie,1,20.2,20,16.16,Consumer,Apple Pay,2,27.34,5.0
ORD-101386,2026-01-26,Europe,Books,Cookbook,7,26.19,10,165.0,Consumer,Apple Pay,8,25.99,3.7
ORD-100059,2026-01-26,Asia Pacific,Books,Cookbook,3,29.6,0,88.8,Consumer,Credit Card,2,42.89,4.4
ORD-101940,2026-01-26,Europe,Sports & Outdoors,Tent,9,248.08,0,2232.72,SMB,Credit Card,5,49.31,3.7
ORD-101899,2026-01-27,North America,Clothing,Jacket,9,21.36,0,192.24,Consumer,Apple Pay,11,12.89,3.4
ORD-100397,2026-01-27,Latin America,Clothing,Jeans,9,107.51,5,919.21,Consumer,Credit Card,4,36.44,4.2
ORD-101719,2026-01-27,Europe,Home & Kitchen,Microwave,9,449.89,10,3644.11,Consumer,Google Pay,6,8.68,3.1
ORD-100229,2026-01-29,Latin America,Clothing,T-Shirt,7,118.01,20,660.86,Enterprise,Credit Card,8,43.24,4.7
ORD-101687,2026-01-29,Europe,Home & Kitchen,Coffee Maker,8,233.9,0,1871.2,Enterprise,Credit Card,7,24.04,3.4
ORD-101807,2026-01-30,North America,Home & Kitchen,Blender,9,481.69,0,4335.21,Consumer,Credit Card,3,30.08,3.3
ORD-101798,2026-01-30,Latin America,Books,Non-Fiction,6,16.83,0,100.98,Consumer,Credit Card,11,30.98,3.8
ORD-101428,2026-01-30,Europe,Electronics,Smartwatch,7,326.73,5,2172.75,Enterprise,Credit Card,5,28.34,4.2
ORD-100880,2026-01-31,Europe,Home & Kitchen,Vacuum Cleaner,5,341.03,5,1619.89,SMB,Credit Card,5,28.96,4.0
ORD-100500,2026-01-31,Asia Pacific,Home & Kitchen,Air Fryer,9,447.21,5,3823.65,SMB,PayPal,5,41.7,4.0
ORD-101093,2026-01-31,North America,Sports & Outdoors,Bike,7,196.92,5,1309.52,Consumer,Apple Pay,3,44.91,3.6
ORD-100629,2026-02-01,Europe,Home & Kitchen,Air Fryer,3,200.95,15,512.42,Consumer,Google Pay,2,44.8,3.9
ORD-101434,2026-02-01,North America,Sports & Outdoors,Tent,5,74.76,15,317.73,Enterprise,Bank Transfer,6,28.21,4.0
ORD-101060,2026-02-01,Europe,Electronics,Headphones,1,805.64,5,765.36,SMB,Google Pay,2,45.53,4.6
ORD-100257,2026-02-02,Europe,Home & Kitchen,Air Fryer,3,368.89,0,1106.67,SMB,Credit Card,1,16.64,4.1
ORD-101480,2026-02-02,Asia Pacific,Books,Cookbook,6,32.44,0,194.64,SMB,PayPal,13,36.62,4.9
ORD-100653,2026-02-02,North America,Books,Fiction,9,12.72,20,91.58,SMB,Google Pay,3,44.57,4.0
ORD-100089,2026-02-02,North America,Clothing,Jacket,2,111.06,0,222.12,Consumer,Credit Card,12,13.47,4.1
ORD-101311,2026-02-03,Asia Pacific,Sports & Outdoors,Tent,1,26.97,20,21.58,SMB,Apple Pay,1,41.21,5.0
ORD-101732,2026-02-03,Europe,Sports & Outdoors,Tent,1,349.79,20,279.83,Consumer,PayPal,9,41.16,5.0
ORD-101116,2026-02-03,Asia Pacific,Clothing,Hoodie,6,92.0,10,496.8,Consumer,Credit Card,4,16.26,3.5
ORD-101679,2026-02-03,Europe,Books,Non-Fiction,8,34.67,0,277.36,Consumer,Apple Pay,3,26.72,3.8
ORD-101066,2026-02-03,North America,Home & Kitchen,Vacuum Cleaner,5,199.49,15,847.83,Consumer,Credit Card,8,41.9,3.7
ORD-100116,2026-02-04,Asia Pacific,Home & Kitchen,Coffee Maker,8,322.67,0,2581.36,Consumer,Apple Pay,7,33.76,4.1
ORD-100637,2026-02-04,Europe,Sports & Outdoors,Running Shoes,6,657.56,20,3156.29,Consumer,Credit Card,6,24.21,4.5
ORD-100987,2026-02-04,Asia Pacific,Home & Kitchen,Coffee Maker,8,364.91,20,2335.42,SMB,Credit Card,7,18.25,4.3
ORD-100151,2026-02-04,Europe,Books,Non-Fiction,9,20.18,5,172.54,SMB,PayPal,8,20.56,3.7
ORD-100642,2026-02-05,Latin America,Clothing,Sneakers,1,100.4,10,90.36,Consumer,Credit Card,1,14.43,4.5
ORD-101541,2026-02-05,North America,Sports & Outdoors,Bike,2,517.78,5,983.78,SMB,Bank Transfer,11,28.15,3.0
ORD-101100,2026-02-06,Asia Pacific,Books,Fiction,7,31.99,20,179.14,Enterprise,Credit Card,12,49.94,4.0
ORD-100024,2026-02-06,North America,Electronics,Smartphone,3,437.28,0,1311.84,Consumer,Apple Pay,10,13.99,3.5
ORD-101980,2026-02-07,North America,Books,Non-Fiction,1,16.3,0,16.3,Consumer,Apple Pay,4,28.98,5.0
ORD-100169,2026-02-07,North America,Electronics,Smartphone,4,288.41,0,1153.64,Consumer,Credit Card,8,29.17,4.2
ORD-100704,2026-02-07,North America,Sports & Outdoors,Yoga Mat,8,658.7,5,5006.12,Consumer,Bank Transfer,7,27.44,4.4
ORD-100991,2026-02-08,Europe,Books,Biography,1,16.31,0,16.31,SMB,Apple Pay,1,35.6,3.8
ORD-101043,2026-02-08,North America,Electronics,Laptop,8,1099.46,0,8795.68,Consumer,Google Pay,11,40.26,4.1
ORD-100953,2026-02-08,Europe,Books,Non-Fiction,4,18.72,15,63.65,Consumer,Google Pay,10,47.49,5.0
ORD-101878,2026-02-08,North America,Electronics,Smartwatch,1,1926.97,15,1637.92,Consumer,Apple Pay,10,24.8,4.9
ORD-100896,2026-02-09,Europe,Sports & Outdoors,Bike,6,110.74,10,598.0,Enterprise,Credit Card,7,6.39,4.7
ORD-101672,2026-02-10,Europe,Home & Kitchen,Vacuum Cleaner,3,316.68,10,855.04,Consumer,Bank Transfer,2,15.59,3.9
ORD-100947,2026-02-10,Middle East,Electronics,Laptop,8,943.3,0,7546.4,Consumer,Credit Card,7,25.21,3.5
ORD-101443,2026-02-10,Europe,Home & Kitchen,Vacuum Cleaner,5,366.72,0,1833.6,SMB,Bank Transfer,10,14.1,2.4
ORD-100577,2026-02-11,Latin America,Electronics,Smartwatch,2,1547.89,10,2786.2,Consumer,Google Pay,6,17.41,4.4
ORD-101341,2026-02-12,North America,Sports & Outdoors,Yoga Mat,9,527.8,0,4750.2,SMB,PayPal,11,8.34,3.9
ORD-101693,2026-02-12,Europe,Sports & Outdoors,Tent,5,104.74,0,523.7,SMB,Google Pay,5,41.23,4.3
ORD-101705,2026-02-15,North America,Home & Kitchen,Blender,2,102.16,0,204.32,Consumer,PayPal,4,32.6,3.6
ORD-101240,2026-02-15,Europe,Clothing,Jeans,8,40.93,10,294.7,Consumer,Apple Pay,13,47.05,4.9
ORD-100202,2026-02-17,Europe,Electronics,Tablet,2,1481.45,0,2962.9,Consumer,Bank Transfer,11,6.39,4.4
ORD-100889,2026-02-18,Latin America,Home & Kitchen,Blender,9,34.1,20,245.52,Consumer,Apple Pay,1,16.63,3.6
ORD-101007,2026-02-19,North America,Books,Fiction,3,15.02,10,40.55,Consumer,Credit Card,5,5.08,3.9
ORD-100741,2026-02-20,Asia Pacific,Electronics,Smartwatch,1,1110.5,5,1054.97,Consumer,Apple Pay,8,22.03,2.5
ORD-100798,2026-02-20,Europe,Electronics,Tablet,4,1395.19,0,5580.76,SMB,Bank Transfer,10,47.75,3.8
ORD-100140,2026-02-21,Asia Pacific,Sports & Outdoors,Running Shoes,8,169.99,10,1223.93,Consumer,PayPal,1,29.79,3.3
ORD-100632,2026-02-21,North America,Electronics,Smartphone,3,1602.39,10,4326.45,Consumer,Credit Card,3,22.45,4.5
ORD-101505,2026-02-21,North America,Books,Non-Fiction,4,22.31,0,89.24,Consumer,Apple Pay,9,42.73,4.3
ORD-101812,2026-02-22,North America,Books,Children's Book,3,33.42,0,100.26,Enterprise,Apple Pay,7,26.57,5.0
ORD-100745,2026-02-22,Latin America,Clothing,Jacket,9,107.99,15,826.12,SMB,PayPal,6,27.49,4.6
ORD-101400,2026-02-22,Europe,Books,Children's Book,7,13.15,20,73.64,SMB,PayPal,2,40.48,4.7
ORD-100712,2026-02-23,North America,Sports & Outdoors,Dumbbells,5,196.43,0,982.15,Enterprise,PayPal,6,13.23,4.4
ORD-101668,2026-02-23,North America,Home & Kitchen,Blender,8,274.42,20,1756.29,Consumer,Credit Card,8,34.79,4.7
ORD-101145,2026-02-24,Europe,Home & Kitchen,Blender,9,39.49,10,319.87,SMB,Credit Card,7,16.01,4.1
ORD-100619,2026-02-24,Asia Pacific,Clothing,Sneakers,4,131.06,0,524.24,Consumer,Google Pay,10,37.91,3.5
ORD-101659,2026-02-25,Europe,Clothing,Dress,6,112.49,5,641.19,Enterprise,Credit Card,4,27.78,4.4
ORD-101137,2026-02-25,Latin America,Books,Fiction,5,8.15,15,34.64,Consumer,Credit Card,2,13.36,3.5
ORD-100904,2026-02-26,Europe,Electronics,Laptop,5,1194.58,20,4778.32,Consumer,Apple Pay,9,21.79,4.7
ORD-100085,2026-02-26,Europe,Home & Kitchen,Coffee Maker,6,145.65,0,873.9,Consumer,Apple Pay,5,10.02,3.9
ORD-100866,2026-02-26,Europe,Sports & Outdoors,Tent,4,293.41,5,1114.96,Enterprise,PayPal,7,40.53,3.6
ORD-101085,2026-02-27,Europe,Sports & Outdoors,Tent,7,42.59,0,298.13,Consumer,Bank Transfer,7,33.08,4.5
ORD-100482,2026-02-28,North America,Books,Fiction,7,32.71,5,217.52,SMB,Bank Transfer,8,39.55,3.9
ORD-100827,2026-02-28,North America,Electronics,Tablet,4,786.42,5,2988.4,Enterprise,PayPal,3,24.32,3.6
ORD-101035,2026-03-01,Asia Pacific,Home & Kitchen,Blender,5,435.81,15,1852.19,SMB,Credit Card,5,33.8,4.1
ORD-100071,2026-03-01,Europe,Clothing,Hoodie,5,30.4,15,129.2,Consumer,Google Pay,9,49.31,5.0
ORD-101999,2026-03-02,Asia Pacific,Books,Fiction,4,27.84,5,105.79,Consumer,Bank Transfer,1,49.76,3.9
ORD-101352,2026-03-02,North America,Home & Kitchen,Vacuum Cleaner,4,493.45,10,1776.42,Consumer,Bank Transfer,9,43.74,4.4
ORD-101417,2026-03-02,Europe,Sports & Outdoors,Bike,7,570.1,0,3990.7,Consumer,Credit Card,8,24.34,3.2
ORD-101387,2026-03-02,Asia Pacific,Sports & Outdoors,Running Shoes,1,798.44,5,758.52,SMB,PayPal,4,25.4,4.5
ORD-100371,2026-03-02,North America,Electronics,Smartwatch,1,1281.45,10,1153.3,Consumer,Bank Transfer,1,49.4,3.5
ORD-101784,2026-03-02,Asia Pacific,Home & Kitchen,Microwave,6,396.86,0,2381.16,SMB,PayPal,7,38.75,3.4
ORD-100363,2026-03-02,North America,Sports & Outdoors,Yoga Mat,3,85.18,0,255.54,Consumer,Google Pay,13,48.17,3.2
ORD-101595,2026-03-03,North America,Home & Kitchen,Vacuum Cleaner,2,339.3,5,644.67,SMB,Bank Transfer,9,19.59,5.0
ORD-101863,2026-03-03,Asia Pacific,Home & Kitchen,Microwave,9,495.78,10,4015.82,Consumer,Google Pay,6,42.09,4.0
ORD-101223,2026-03-03,North America,Books,Fiction,4,8.48,15,28.83,Consumer,Credit Card,6,32.75,4.2
ORD-101714,2026-03-04,Asia Pacific,Sports & Outdoors,Bike,8,199.03,0,1592.24,Enterprise,Bank Transfer,5,20.41,3.9
ORD-100675,2026-03-05,North America,Books,Non-Fiction,3,28.51,15,72.7,SMB,PayPal,2,15.79,4.7
ORD-101584,2026-03-05,Europe,Clothing,Jeans,6,73.37,0,440.22,Consumer,PayPal,12,18.83,3.4
ORD-101131,2026-03-06,Europe,Books,Non-Fiction,3,25.41,0,76.23,SMB,Apple Pay,8,37.58,4.3
ORD-101249,2026-03-06,Asia Pacific,Sports & Outdoors,Tent,7,261.32,10,1646.32,SMB,Bank Transfer,13,19.46,4.2
ORD-101518,2026-03-07,Europe,Electronics,Headphones,6,1192.46,0,7154.76,SMB,Bank Transfer,2,19.55,5.0
ORD-100299,2026-03-07,Europe,Books,Non-Fiction,5,15.94,5,75.72,SMB,Apple Pay,13,36.17,3.8
ORD-101328,2026-03-08,North America,Clothing,T-Shirt,6,90.72,5,517.1,Consumer,Credit Card,1,36.16,5.0
ORD-101641,2026-03-08,Asia Pacific,Sports & Outdoors,Tent,2,228.59,15,388.6,Enterprise,Apple Pay,5,49.93,3.7
ORD-100898,2026-03-08,North America,Books,Biography,8,14.01,0,112.08,Consumer,Bank Transfer,3,39.94,4.1
ORD-100206,2026-03-08,Latin America,Clothing,T-Shirt,2,146.27,0,292.54,Consumer,Google Pay,4,9.05,4.4
ORD-101470,2026-03-09,Asia Pacific,Clothing,Hoodie,5,141.72,10,637.74,Consumer,PayPal,6,34.52,4.7
ORD-101002,2026-03-10,Latin America,Sports & Outdoors,Yoga Mat,7,199.92,15,1189.52,Consumer,Credit Card,1,5.34,4.2
ORD-101850,2026-03-11,Asia Pacific,Home & Kitchen,Air Fryer,1,431.8,20,345.44,Enterprise,Bank Transfer,12,10.34,4.4
ORD-101674,2026-03-11,Asia Pacific,Clothing,Jeans,6,42.34,15,215.93,SMB,Credit Card,4,33.4,4.5
ORD-100945,2026-03-13,Latin America,Clothing,Sneakers,4,68.09,15,231.51,SMB,Apple Pay,13,30.97,3.7
ORD-101559,2026-03-13,Middle East,Home & Kitchen,Air Fryer,1,176.19,0,176.19,Consumer,PayPal,13,45.68,4.2
ORD-101334,2026-03-13,Latin America,Clothing,Dress,8,56.33,5,428.11,Consumer,Apple Pay,6,41.58,4.5
ORD-101538,2026-03-14,Europe,Electronics,Smartwatch,2,940.88,0,1881.76,SMB,Apple Pay,7,41.02,4.9
ORD-100717,2026-03-15,Europe,Electronics,Tablet,6,1280.58,0,7683.48,Consumer,PayPal,13,39.32,4.3
ORD-101175,2026-03-15,North America,Clothing,Jeans,1,112.89,5,107.25,Consumer,PayPal,13,33.58,5.0
ORD-101489,2026-03-15,Europe,Sports & Outdoors,Yoga Mat,2,131.4,0,262.8,SMB,Credit Card,4,33.83,3.8
ORD-100593,2026-03-15,Asia Pacific,Sports & Outdoors,Tent,7,455.68,0,3189.76,Consumer,Credit Card,8,32.12,4.2
ORD-100472,2026-03-15,Latin America,Electronics,Tablet,3,1824.27,15,4651.89,SMB,Apple Pay,8,45.73,4.4
ORD-101598,2026-03-16,North America,Sports & Outdoors,Yoga Mat,2,83.69,0,167.38,SMB,Google Pay,8,40.36,2.8
ORD-100131,2026-03-16,Latin America,Sports & Outdoors,Yoga Mat,3,636.78,0,1910.34,SMB,Bank Transfer,2,12.94,3.1
ORD-100536,2026-03-17,North America,Books,Non-Fiction,1,22.95,20,18.36,SMB,Bank Transfer,10,43.19,4.2
ORD-101207,2026-03-18,North America,Home & Kitchen,Microwave,7,235.95,20,1321.32,Consumer,PayPal,12,27.46,4.3
ORD-100240,2026-03-18,North America,Sports & Outdoors,Bike,1,367.05,20,293.64,Consumer,Bank Transfer,3,25.36,5.0
ORD-101360,2026-03-19,Asia Pacific,Home & Kitchen,Microwave,4,436.85,0,1747.4,Consumer,Google Pay,11,24.02,2.9
ORD-100273,2026-03-20,Europe,Electronics,Smartphone,4,1232.55,5,4683.69,Consumer,PayPal,11,24.28,4.3
ORD-100893,2026-03-20,Asia Pacific,Electronics,Laptop,8,780.75,20,4996.8,SMB,Credit Card,9,23.15,4.2
ORD-101287,2026-03-21,Europe,Sports & Outdoors,Yoga Mat,3,771.28,10,2082.46,Consumer,Bank Transfer,7,32.13,3.9
ORD-101912,2026-03-21,Middle East,Books,Cookbook,4,19.5,15,66.3,Consumer,Credit Card,10,36.64,4.2
ORD-100811,2026-03-21,Asia Pacific,Clothing,Sneakers,6,96.38,10,520.45,SMB,Google Pay,12,34.41,4.5
ORD-101927,2026-03-21,North America,Sports & Outdoors,Bike,8,395.51,10,2847.67,Consumer,PayPal,2,5.96,4.2
ORD-101196,2026-03-22,North America,Home & Kitchen,Blender,3,133.07,0,399.21,Consumer,Google Pay,11,46.44,2.9
ORD-101144,2026-03-23,Latin America,Books,Biography,8,29.4,0,235.2,SMB,Apple Pay,4,45.13,4.0
ORD-101531,2026-03-23,Middle East,Clothing,Jacket,8,29.56,15,201.01,SMB,Bank Transfer,9,49.01,5.0
ORD-100739,2026-03-24,North America,Electronics,Smartwatch,9,1648.09,10,13349.53,Enterprise,Google Pay,3,37.51,3.8
ORD-100300,2026-03-25,Europe,Electronics,Smartphone,3,1034.7,20,2483.28,SMB,Credit Card,4,32.18,5.0
ORD-101650,2026-03-25,North America,Clothing,Jacket,4,31.6,20,101.12,Consumer,Credit Card,8,24.66,4.4
ORD-101858,2026-03-25,Latin America,Books,Fiction,1,27.83,0,27.83,Enterprise,Credit Card,13,32.09,4.5
ORD-100021,2026-03-25,Europe,Electronics,Smartwatch,3,1803.43,20,4328.23,Consumer,Credit Card,11,21.81,4.2
ORD-101379,2026-03-26,North America,Sports & Outdoors,Tent,9,724.23,0,6518.07,Consumer,Apple Pay,10,10.15,5.0
ORD-101649,2026-03-26,Asia Pacific,Books,Cookbook,8,9.27,0,74.16,Enterprise,Bank Transfer,11,7.54,4.1
ORD-101594,2026-03-27,Asia Pacific,Sports & Outdoors,Tent,3,309.42,0,928.26,SMB,PayPal,13,26.25,3.9
ORD-100030,2026-03-27,Europe,Books,Children's Book,8,10.84,20,69.38,Consumer,Credit Card,5,11.47,5.0
ORD-101277,2026-03-28,Asia Pacific,Electronics,Smartphone,2,1092.81,0,2185.62,Consumer,PayPal,12,43.76,4.1
ORD-101393,2026-03-28,Europe,Sports & Outdoors,Running Shoes,7,305.52,10,1924.78,SMB,Google Pay,3,6.74,3.5
ORD-100341,2026-03-29,Latin America,Books,Biography,6,34.13,0,204.78,Consumer,Apple Pay,10,29.0,3.7
ORD-101406,2026-03-30,Latin America,Home & Kitchen,Coffee Maker,1,250.31,15,212.76,Consumer,PayPal,8,13.82,3.9
ORD-101126,2026-03-30,Europe,Electronics,Smartwatch,7,375.48,0,2628.36,Consumer,Google Pay,11,37.72,4.2
ORD-101964,2026-03-30,Latin America,Sports & Outdoors,Running Shoes,8,585.99,10,4219.13,SMB,Apple Pay,12,9.63,3.8
ORD-100079,2026-03-30,Europe,Books,Cookbook,5,18.59,20,74.36,Consumer,Credit Card,5,14.09,3.7
ORD-100343,2026-03-31,Europe,Sports & Outdoors,Yoga Mat,6,545.83,0,3274.98,SMB,Bank Transfer,8,36.38,5.0
ORD-101222,2026-03-31,North America,Books,Cookbook,3,21.68,15,55.28,Consumer,Credit Card,8,26.22,4.0
ORD-101211,2026-03-31,Middle East,Electronics,Camera,2,823.5,5,1564.65,Consumer,Google Pay,11,15.08,4.2
ORD-101411,2026-03-31,Europe,Clothing,Dress,9,44.41,0,399.69,Consumer,Apple Pay,1,32.6,4.2
ORD-101881,2026-03-31,North America,Electronics,Tablet,4,1851.75,15,6295.95,Consumer,Credit Card,4,15.5,5.0
